OTU,Phylum,Order
ASV31,Acidobacteriota,Acidobacteriales
ASV33,Actinobacteriota,Others
ASV35,Actinobacteriota,Others
ASV39,Actinobacteriota,Others
ASV63,Proteobacteria,Acetobacterales
ASV64,Actinobacteriota,Others
ASV65,Actinobacteriota,Others
ASV66,Actinobacteriota,Others
ASV67,Actinobacteriota,Others
ASV69,Actinobacteriota,Others
ASV74,Acidobacteriota,Acidobacteriales
ASV76,Actinobacteriota,Others
ASV77,Actinobacteriota,Others
ASV78,Actinobacteriota,Others
ASV80,Actinobacteriota,Others
ASV81,WPS-2,WPS-2
ASV82,Proteobacteria,Acetobacterales
ASV83,Proteobacteria,Acetobacterales
ASV84,Proteobacteria,Acetobacterales
ASV85,Acidobacteriota,Acidobacteriales
ASV86,Actinobacteriota,Others
ASV88,Verrucomicrobiota,Chthoniobacterales
ASV89,Actinobacteriota,Others
ASV90,Actinobacteriota,Others
ASV91,Verrucomicrobiota,Chthoniobacterales
ASV92,WPS-2,WPS-2
ASV94,WPS-2,WPS-2
ASV97,WPS-2,WPS-2
ASV101,Actinobacteriota,Others
ASV102,Actinobacteriota,Others
ASV103,WPS-2,WPS-2
ASV104,Actinobacteriota,Others
ASV105,Proteobacteria,Acetobacterales
ASV106,Acidobacteriota,Acidobacteriales
ASV107,Verrucomicrobiota,Chthoniobacterales
ASV108,Proteobacteria,Acetobacterales
ASV109,Proteobacteria,Acetobacterales
ASV110,Acidobacteriota,Acidobacteriales
ASV111,Acidobacteriota,Acidobacteriales
ASV112,Proteobacteria,Acetobacterales
ASV113,Proteobacteria,Acetobacterales
ASV115,Acidobacteriota,Acidobacteriales
ASV116,Actinobacteriota,Others
ASV117,Verrucomicrobiota,Chthoniobacterales
ASV118,Actinobacteriota,Others
ASV119,Proteobacteria,Acetobacterales
ASV121,Proteobacteria,Acetobacterales
ASV125,Acidobacteriota,Acidobacteriales
ASV126,WPS-2,WPS-2
ASV129,Acidobacteriota,Acidobacteriales
ASV130,Proteobacteria,Acetobacterales
ASV131,Proteobacteria,Acetobacterales
ASV133,WPS-2,WPS-2
ASV134,Proteobacteria,Acetobacterales
ASV136,WPS-2,WPS-2
ASV137,Actinobacteriota,Others
ASV138,Proteobacteria,Sphingomodales
ASV139,Actinobacteriota,Corynebacteriales
ASV141,Actinobacteriota,Others
ASV142,Actinobacteriota,Corynebacteriales
ASV143,Proteobacteria,Acetobacterales
ASV144,Verrucomicrobiota,Chthoniobacterales
ASV145,Acidobacteriota,Acidobacteriales
ASV146,WPS-2,WPS-2
ASV147,Proteobacteria,Acetobacterales
ASV148,Verrucomicrobiota,Chthoniobacterales
ASV150,WPS-2,WPS-2
ASV151,Verrucomicrobiota,Chthoniobacterales
ASV152,Proteobacteria,Acetobacterales
ASV153,Acidobacteriota,Acidobacteriales
ASV156,Proteobacteria,Acetobacterales
ASV157,Proteobacteria,Acetobacterales
ASV158,Proteobacteria,Acetobacterales
ASV159,Acidobacteriota,Acidobacteriales
ASV160,Proteobacteria,Acetobacterales
ASV161,Proteobacteria,Acetobacterales
ASV162,WPS-2,WPS-2
ASV163,Proteobacteria,Acetobacterales
ASV164,WPS-2,WPS-2
ASV165,Proteobacteria,Acetobacterales
ASV168,Proteobacteria,Acetobacterales
ASV169,Proteobacteria,Acetobacterales
ASV170,Actinobacteriota,Others
ASV171,WPS-2,WPS-2
ASV172,Verrucomicrobiota,Chthoniobacterales
ASV173,Actinobacteriota,Others
ASV174,Actinobacteriota,Pseudonocardiales
ASV175,Verrucomicrobiota,Chthoniobacterales
ASV176,Actinobacteriota,Micrococcales
ASV177,Verrucomicrobiota,Chthoniobacterales
ASV178,Verrucomicrobiota,Chthoniobacterales
ASV179,Acidobacteriota,Acidobacteriales
ASV180,Proteobacteria,Sphingomodales
ASV181,WPS-2,WPS-2
ASV182,Actinobacteriota,Pseudonocardiales
ASV183,WPS-2,WPS-2
ASV184,Actinobacteriota,Micrococcales
ASV185,Verrucomicrobiota,Chthoniobacterales
ASV186,Acidobacteriota,Acidobacteriales
ASV188,Acidobacteriota,Acidobacteriales
ASV189,Proteobacteria,Acetobacterales
ASV190,Verrucomicrobiota,Chthoniobacterales
ASV192,Acidobacteriota,Acidobacteriales
ASV193,Actinobacteriota,Micrococcales
ASV194,Actinobacteriota,Corynebacteriales
ASV195,Proteobacteria,Acetobacterales
ASV196,Verrucomicrobiota,Chthoniobacterales
ASV198,Verrucomicrobiota,Chthoniobacterales
ASV199,Actinobacteriota,Corynebacteriales
ASV200,Proteobacteria,Acetobacterales
ASV201,Proteobacteria,Acetobacterales
ASV202,Acidobacteriota,Acidobacteriales
ASV204,Acidobacteriota,Acidobacteriales
ASV205,Actinobacteriota,IMCC26256
ASV206,Firmicutes,Paenibacillales
ASV207,WPS-2,WPS-2
ASV208,Proteobacteria,Sphingomodales
ASV209,Actinobacteriota,Others
ASV210,WPS-2,WPS-2
ASV213,Verrucomicrobiota,Chthoniobacterales
ASV214,WPS-2,WPS-2
ASV216,WPS-2,WPS-2
ASV217,Actinobacteriota,Corynebacteriales
ASV218,Acidobacteriota,Acidobacteriales
ASV219,WPS-2,WPS-2
ASV220,Actinobacteriota,Micrococcales
ASV221,Acidobacteriota,Acidobacteriales
ASV222,Verrucomicrobiota,Chthoniobacterales
ASV223,Actinobacteriota,Others
ASV224,Verrucomicrobiota,Chthoniobacterales
ASV225,Proteobacteria,Acetobacterales
ASV226,Proteobacteria,Caulobacterales
ASV227,Actinobacteriota,Others
ASV228,Proteobacteria,Acetobacterales
ASV229,WPS-2,WPS-2
ASV230,Actinobacteriota,Corynebacteriales
ASV231,Verrucomicrobiota,Chthoniobacterales
ASV233,Proteobacteria,Acetobacterales
ASV234,Actinobacteriota,Pseudonocardiales
ASV235,Proteobacteria,Acetobacterales
ASV237,Proteobacteria,Acetobacterales
ASV238,Verrucomicrobiota,Chthoniobacterales
ASV239,Firmicutes,Paenibacillales
ASV240,Proteobacteria,Acetobacterales
ASV241,Proteobacteria,Acetobacterales
ASV242,Actinobacteriota,Others
ASV243,Proteobacteria,Acetobacterales
ASV245,Proteobacteria,Others
ASV246,Verrucomicrobiota,Chthoniobacterales
ASV247,WPS-2,WPS-2
ASV248,Actinobacteriota,Pseudonocardiales
ASV249,WPS-2,WPS-2
ASV250,Proteobacteria,Acetobacterales
ASV251,Proteobacteria,Acetobacterales
ASV252,Acidobacteriota,Acidobacteriales
ASV253,Verrucomicrobiota,Chthoniobacterales
ASV254,Acidobacteriota,Acidobacteriales
ASV256,Verrucomicrobiota,Chthoniobacterales
ASV257,Actinobacteriota,Others
ASV258,Acidobacteriota,Acidobacteriales
ASV259,Actinobacteriota,Micrococcales
ASV260,Actinobacteriota,Others
ASV261,Firmicutes,Paenibacillales
ASV262,Verrucomicrobiota,Chthoniobacterales
ASV263,Acidobacteriota,Others
ASV264,WPS-2,WPS-2
ASV265,Acidobacteriota,Acidobacteriales
ASV267,WPS-2,WPS-2
ASV268,Actinobacteriota,Others
ASV269,Proteobacteria,Acetobacterales
ASV270,Actinobacteriota,Others
ASV272,Actinobacteriota,Others
ASV273,WPS-2,WPS-2
ASV274,WPS-2,WPS-2
ASV275,Proteobacteria,Acetobacterales
ASV277,Proteobacteria,Acetobacterales
ASV278,Proteobacteria,Acetobacterales
ASV279,Proteobacteria,Acetobacterales
ASV280,Proteobacteria,Acetobacterales
ASV282,Actinobacteriota,Pseudonocardiales
ASV283,Acidobacteriota,Others
ASV284,Actinobacteriota,Corynebacteriales
ASV285,Actinobacteriota,Others
ASV286,Actinobacteriota,Frankiales
ASV287,Proteobacteria,Acetobacterales
ASV288,Proteobacteria,Acetobacterales
ASV289,Actinobacteriota,IMCC26256
ASV291,Verrucomicrobiota,Chthoniobacterales
ASV292,Actinobacteriota,Micrococcales
ASV293,Acidobacteriota,Acidobacteriales
ASV294,WPS-2,WPS-2
ASV295,Proteobacteria,Acetobacterales
ASV296,Verrucomicrobiota,Chthoniobacterales
ASV298,Actinobacteriota,Corynebacteriales
ASV300,Actinobacteriota,Others
ASV301,Actinobacteriota,Others
ASV302,Verrucomicrobiota,Chthoniobacterales
ASV303,Acidobacteriota,Acidobacteriales
ASV304,Actinobacteriota,Corynebacteriales
ASV307,Acidobacteriota,Acidobacteriales
ASV308,Actinobacteriota,Micrococcales
ASV309,Proteobacteria,Acetobacterales
ASV310,Verrucomicrobiota,Chthoniobacterales
ASV311,Proteobacteria,Acetobacterales
ASV312,Actinobacteriota,Others
ASV313,Verrucomicrobiota,Chthoniobacterales
ASV314,Acidobacteriota,Acidobacteriales
ASV315,Actinobacteriota,Others
ASV317,Acidobacteriota,Acidobacteriales
ASV318,Acidobacteriota,Acidobacteriales
ASV319,WPS-2,WPS-2
ASV320,Actinobacteriota,Others
ASV321,Proteobacteria,Acetobacterales
ASV322,Actinobacteriota,Micrococcales
ASV326,Planctomycetota,Others
ASV327,Acidobacteriota,Acidobacteriales
ASV328,Actinobacteriota,Corynebacteriales
ASV330,Actinobacteriota,Micrococcales
ASV331,Verrucomicrobiota,Chthoniobacterales
ASV332,WPS-2,WPS-2
ASV334,Verrucomicrobiota,Chthoniobacterales
ASV335,Actinobacteriota,Micrococcales
ASV336,Planctomycetota,Isosphaerales
ASV337,Proteobacteria,Acetobacterales
ASV338,Actinobacteriota,Others
ASV340,WPS-2,WPS-2
ASV341,Verrucomicrobiota,Chthoniobacterales
ASV343,Proteobacteria,Acetobacterales
ASV344,Actinobacteriota,IMCC26256
ASV345,Actinobacteriota,Corynebacteriales
ASV346,Acidobacteriota,Acidobacteriales
ASV350,WPS-2,WPS-2
ASV351,WPS-2,WPS-2
ASV353,Proteobacteria,Acetobacterales
ASV354,WPS-2,WPS-2
ASV355,Actinobacteriota,Corynebacteriales
ASV356,Acidobacteriota,Acidobacteriales
ASV357,Proteobacteria,Acetobacterales
ASV358,Actinobacteriota,Pseudonocardiales
ASV359,Verrucomicrobiota,Chthoniobacterales
ASV361,Proteobacteria,Acetobacterales
ASV362,Actinobacteriota,Micrococcales
ASV363,WPS-2,WPS-2
ASV364,Verrucomicrobiota,Chthoniobacterales
ASV366,WPS-2,WPS-2
ASV367,Actinobacteriota,Others
ASV369,Actinobacteriota,Pseudonocardiales
ASV370,Planctomycetota,Isosphaerales
ASV372,Firmicutes,Paenibacillales
ASV374,Verrucomicrobiota,Chthoniobacterales
ASV375,Actinobacteriota,Corynebacteriales
ASV376,Proteobacteria,Acetobacterales
ASV377,Acidobacteriota,Acidobacteriales
ASV378,Verrucomicrobiota,Chthoniobacterales
ASV379,Proteobacteria,Acetobacterales
ASV380,Verrucomicrobiota,Chthoniobacterales
ASV381,Actinobacteriota,Pseudonocardiales
ASV382,WPS-2,WPS-2
ASV384,Planctomycetota,Isosphaerales
ASV385,Actinobacteriota,Corynebacteriales
ASV386,Actinobacteriota,Corynebacteriales
ASV387,WPS-2,WPS-2
ASV388,Proteobacteria,Sphingomodales
ASV390,Verrucomicrobiota,Chthoniobacterales
ASV391,Acidobacteriota,Acidobacteriales
ASV392,WPS-2,WPS-2
ASV395,Acidobacteriota,Acidobacteriales
ASV397,Planctomycetota,Isosphaerales
ASV398,WPS-2,WPS-2
ASV399,Actinobacteriota,Micrococcales
ASV401,Actinobacteriota,Others
ASV402,Verrucomicrobiota,Chthoniobacterales
ASV403,Proteobacteria,Acetobacterales
ASV404,Acidobacteriota,Acidobacteriales
ASV405,Actinobacteriota,Micrococcales
ASV406,Actinobacteriota,Others
ASV407,WPS-2,WPS-2
ASV409,Firmicutes,Paenibacillales
ASV410,Proteobacteria,Acetobacterales
ASV414,Proteobacteria,Acetobacterales
ASV415,Actinobacteriota,Corynebacteriales
ASV416,Proteobacteria,Acetobacterales
ASV417,Actinobacteriota,Micrococcales
ASV418,Actinobacteriota,Micrococcales
ASV419,Acidobacteriota,Acidobacteriales
ASV422,WPS-2,WPS-2
ASV423,Actinobacteriota,Others
ASV424,Actinobacteriota,Frankiales
ASV426,Proteobacteria,Acetobacterales
ASV427,Actinobacteriota,Frankiales
ASV428,Proteobacteria,Acetobacterales
ASV430,WPS-2,WPS-2
ASV431,WPS-2,WPS-2
ASV432,Proteobacteria,Acetobacterales
ASV433,Proteobacteria,Acetobacterales
ASV435,Planctomycetota,Isosphaerales
ASV436,Actinobacteriota,Corynebacteriales
ASV439,Firmicutes,Paenibacillales
ASV441,Planctomycetota,Isosphaerales
ASV443,Verrucomicrobiota,Chthoniobacterales
ASV444,Acidobacteriota,Acidobacteriales
ASV445,Actinobacteriota,Corynebacteriales
ASV446,Proteobacteria,Acetobacterales
ASV449,Verrucomicrobiota,Chthoniobacterales
ASV451,Proteobacteria,Acetobacterales
ASV454,Acidobacteriota,Acidobacteriales
ASV455,Proteobacteria,Sphingomodales
ASV456,Acidobacteriota,Acidobacteriales
ASV457,Acidobacteriota,Acidobacteriales
ASV458,Actinobacteriota,Others
ASV459,Actinobacteriota,Frankiales
ASV460,Actinobacteriota,Micrococcales
ASV461,Firmicutes,Others
ASV462,Firmicutes,Paenibacillales
ASV463,Verrucomicrobiota,Chthoniobacterales
ASV465,Firmicutes,Paenibacillales
ASV466,Actinobacteriota,Others
ASV468,Proteobacteria,Acetobacterales
ASV472,Actinobacteriota,Micrococcales
ASV473,Firmicutes,Paenibacillales
ASV475,Proteobacteria,Acetobacterales
ASV476,Proteobacteria,Others
ASV477,Actinobacteriota,Others
ASV478,Actinobacteriota,Micrococcales
ASV480,Actinobacteriota,Micrococcales
ASV482,Acidobacteriota,Acidobacteriales
ASV485,Proteobacteria,Acetobacterales
ASV487,Actinobacteriota,Others
ASV488,WPS-2,WPS-2
ASV489,Proteobacteria,Others
ASV490,Proteobacteria,Caulobacterales
ASV491,Actinobacteriota,Corynebacteriales
ASV493,Acidobacteriota,Acidobacteriales
ASV494,Acidobacteriota,Acidobacteriales
ASV496,Acidobacteriota,Others
ASV497,Planctomycetota,Others
ASV499,WPS-2,WPS-2
ASV500,Proteobacteria,Acetobacterales
ASV501,Proteobacteria,Acetobacterales
ASV502,Proteobacteria,Acetobacterales
ASV503,Verrucomicrobiota,Chthoniobacterales
ASV504,Actinobacteriota,Pseudonocardiales
ASV505,Acidobacteriota,Acidobacteriales
ASV506,Acidobacteriota,Acidobacteriales
ASV508,Acidobacteriota,Acidobacteriales
ASV509,Acidobacteriota,Acidobacteriales
ASV512,WPS-2,WPS-2
ASV513,Acidobacteriota,Acidobacteriales
ASV514,WPS-2,WPS-2
ASV517,Actinobacteriota,Frankiales
ASV519,WPS-2,WPS-2
ASV522,Firmicutes,Paenibacillales
ASV523,Firmicutes,Paenibacillales
ASV524,Actinobacteriota,IMCC26256
ASV525,Acidobacteriota,Acidobacteriales
ASV526,Firmicutes,Paenibacillales
ASV528,Verrucomicrobiota,Chthoniobacterales
ASV529,Actinobacteriota,Frankiales
ASV530,WPS-2,WPS-2
ASV531,Actinobacteriota,Others
ASV532,Firmicutes,Paenibacillales
ASV533,Actinobacteriota,IMCC26256
ASV534,Actinobacteriota,Others
ASV535,Acidobacteriota,Acidobacteriales
ASV536,Firmicutes,Others
ASV537,Proteobacteria,Acetobacterales
ASV538,Proteobacteria,Acetobacterales
ASV540,Verrucomicrobiota,Chthoniobacterales
ASV541,Firmicutes,Paenibacillales
ASV542,Proteobacteria,Acetobacterales
ASV544,WPS-2,WPS-2
ASV545,Planctomycetota,Isosphaerales
ASV546,Proteobacteria,Acetobacterales
ASV547,Proteobacteria,Acetobacterales
ASV548,Actinobacteriota,Others
ASV549,Actinobacteriota,Frankiales
ASV550,Actinobacteriota,Others
ASV551,Actinobacteriota,Frankiales
ASV554,WPS-2,WPS-2
ASV556,Proteobacteria,Acetobacterales
ASV557,WPS-2,WPS-2
ASV558,WPS-2,WPS-2
ASV559,Planctomycetota,Isosphaerales
ASV561,Proteobacteria,Acetobacterales
ASV562,WPS-2,WPS-2
ASV563,Actinobacteriota,Pseudonocardiales
ASV564,Actinobacteriota,Micrococcales
ASV565,Acidobacteriota,Acidobacteriales
ASV566,Actinobacteriota,Pseudonocardiales
ASV567,Actinobacteriota,Others
ASV568,Acidobacteriota,Acidobacteriales
ASV569,Acidobacteriota,Acidobacteriales
ASV570,Acidobacteriota,Acidobacteriales
ASV571,Proteobacteria,Acetobacterales
ASV572,Actinobacteriota,Micrococcales
ASV573,WPS-2,WPS-2
ASV574,Actinobacteriota,Frankiales
ASV575,Firmicutes,Paenibacillales
ASV576,Planctomycetota,Isosphaerales
ASV577,Firmicutes,Paenibacillales
ASV580,Actinobacteriota,Frankiales
ASV581,WPS-2,WPS-2
ASV582,Actinobacteriota,Corynebacteriales
ASV583,Acidobacteriota,Others
ASV584,Actinobacteriota,Micrococcales
ASV585,Actinobacteriota,Corynebacteriales
ASV586,Actinobacteriota,Frankiales
ASV588,Acidobacteriota,Acidobacteriales
ASV591,Actinobacteriota,Frankiales
ASV592,Actinobacteriota,Frankiales
ASV594,Firmicutes,Others
ASV595,Actinobacteriota,Frankiales
ASV596,Actinobacteriota,Pseudonocardiales
ASV597,Proteobacteria,Acetobacterales
ASV599,Proteobacteria,Acetobacterales
ASV600,Acidobacteriota,Acidobacteriales
ASV601,WPS-2,WPS-2
ASV602,Actinobacteriota,Others
ASV603,Actinobacteriota,Micrococcales
ASV604,Proteobacteria,Caulobacterales
ASV605,Actinobacteriota,Pseudonocardiales
ASV606,Actinobacteriota,Frankiales
ASV608,Actinobacteriota,Corynebacteriales
ASV610,Proteobacteria,Acetobacterales
ASV611,Verrucomicrobiota,Chthoniobacterales
ASV612,Acidobacteriota,Acidobacteriales
ASV613,Actinobacteriota,Micrococcales
ASV614,Planctomycetota,Isosphaerales
ASV616,Proteobacteria,Sphingomodales
ASV618,Firmicutes,Others
ASV619,Actinobacteriota,Pseudonocardiales
ASV622,Acidobacteriota,Acidobacteriales
ASV623,Acidobacteriota,Acidobacteriales
ASV624,Proteobacteria,Acetobacterales
ASV625,WPS-2,WPS-2
ASV627,Proteobacteria,Acetobacterales
ASV628,Acidobacteriota,Acidobacteriales
ASV630,Acidobacteriota,Acidobacteriales
ASV633,Acidobacteriota,Acidobacteriales
ASV634,Actinobacteriota,Pseudonocardiales
ASV635,Actinobacteriota,Micrococcales
ASV636,Proteobacteria,Acetobacterales
ASV638,Acidobacteriota,Acidobacteriales
ASV640,Proteobacteria,Acetobacterales
ASV642,Acidobacteriota,Acidobacteriales
ASV643,Proteobacteria,Acetobacterales
ASV645,Proteobacteria,Sphingomodales
ASV646,Actinobacteriota,Others
ASV649,Proteobacteria,Sphingomodales
ASV650,Actinobacteriota,Corynebacteriales
ASV651,Proteobacteria,Acetobacterales
ASV652,Proteobacteria,Acetobacterales
ASV653,Actinobacteriota,Others
ASV657,Proteobacteria,Acetobacterales
ASV660,WPS-2,WPS-2
ASV661,Proteobacteria,Acetobacterales
ASV662,Proteobacteria,Sphingomodales
ASV663,Acidobacteriota,Acidobacteriales
ASV665,Proteobacteria,Acetobacterales
ASV666,Firmicutes,Paenibacillales
ASV668,Verrucomicrobiota,Chthoniobacterales
ASV671,Actinobacteriota,Frankiales
ASV672,Firmicutes,Others
ASV673,Firmicutes,Paenibacillales
ASV676,Verrucomicrobiota,Chthoniobacterales
ASV677,Proteobacteria,Acetobacterales
ASV679,Proteobacteria,Others
ASV680,Proteobacteria,Caulobacterales
ASV681,WPS-2,WPS-2
ASV682,Firmicutes,Others
ASV688,WPS-2,WPS-2
ASV689,Proteobacteria,Acetobacterales
ASV690,Actinobacteriota,Frankiales
ASV691,Planctomycetota,Isosphaerales
ASV693,Proteobacteria,Acetobacterales
ASV694,Acidobacteriota,Acidobacteriales
ASV696,Actinobacteriota,Others
ASV697,Actinobacteriota,Corynebacteriales
ASV698,Others,Others
ASV702,Proteobacteria,Acetobacterales
ASV706,Proteobacteria,Others
ASV707,Actinobacteriota,Corynebacteriales
ASV708,Actinobacteriota,Frankiales
ASV709,Actinobacteriota,Frankiales
ASV710,Acidobacteriota,Acidobacteriales
ASV711,Planctomycetota,Isosphaerales
ASV716,Planctomycetota,Isosphaerales
ASV717,Acidobacteriota,Acidobacteriales
ASV718,Proteobacteria,Acetobacterales
ASV719,Proteobacteria,Sphingomodales
ASV722,Acidobacteriota,Acidobacteriales
ASV723,WPS-2,WPS-2
ASV725,Verrucomicrobiota,Chthoniobacterales
ASV727,Actinobacteriota,Others
ASV730,Proteobacteria,Acetobacterales
ASV731,Planctomycetota,Isosphaerales
ASV732,WPS-2,WPS-2
ASV734,Firmicutes,Paenibacillales
ASV735,Firmicutes,Paenibacillales
ASV736,Firmicutes,Paenibacillales
ASV737,Others,Others
ASV739,Proteobacteria,Caulobacterales
ASV740,Verrucomicrobiota,Chthoniobacterales
ASV742,Planctomycetota,Isosphaerales
ASV743,Acidobacteriota,Acidobacteriales
ASV745,Acidobacteriota,Acidobacteriales
ASV746,Verrucomicrobiota,Chthoniobacterales
ASV747,Planctomycetota,Isosphaerales
ASV748,Proteobacteria,Acetobacterales
ASV750,Proteobacteria,Acetobacterales
ASV751,Proteobacteria,Acetobacterales
ASV752,Planctomycetota,Isosphaerales
ASV753,Actinobacteriota,Corynebacteriales
ASV754,Actinobacteriota,Corynebacteriales
ASV755,Proteobacteria,Acetobacterales
ASV756,Proteobacteria,Acetobacterales
ASV757,Proteobacteria,Acetobacterales
ASV758,Verrucomicrobiota,Chthoniobacterales
ASV762,Actinobacteriota,Others
ASV763,WPS-2,WPS-2
ASV764,Proteobacteria,Acetobacterales
ASV766,Proteobacteria,Others
ASV768,WPS-2,WPS-2
ASV769,Proteobacteria,Acetobacterales
ASV770,Planctomycetota,Isosphaerales
ASV771,Verrucomicrobiota,Chthoniobacterales
ASV772,Firmicutes,Paenibacillales
ASV774,Acidobacteriota,Acidobacteriales
ASV775,Proteobacteria,Others
ASV776,Proteobacteria,Others
ASV777,Acidobacteriota,Acidobacteriales
ASV780,Acidobacteriota,Acidobacteriales
ASV781,Proteobacteria,Others
ASV782,Actinobacteriota,Corynebacteriales
ASV783,Actinobacteriota,Others
ASV784,Actinobacteriota,Others
ASV785,Proteobacteria,Others
ASV789,Actinobacteriota,Others
ASV790,Actinobacteriota,Pseudonocardiales
ASV791,Actinobacteriota,Others
ASV792,Actinobacteriota,Pseudonocardiales
ASV793,Planctomycetota,Isosphaerales
ASV794,Verrucomicrobiota,Chthoniobacterales
ASV796,Verrucomicrobiota,Chthoniobacterales
ASV797,Planctomycetota,Isosphaerales
ASV798,Proteobacteria,Others
ASV799,Actinobacteriota,IMCC26256
ASV801,WPS-2,WPS-2
ASV802,Proteobacteria,Sphingomodales
ASV803,Actinobacteriota,Others
ASV804,Verrucomicrobiota,Chthoniobacterales
ASV805,Proteobacteria,Acetobacterales
ASV806,Actinobacteriota,Frankiales
ASV807,Firmicutes,Paenibacillales
ASV809,Firmicutes,Others
ASV810,Proteobacteria,Acetobacterales
ASV811,Proteobacteria,Acetobacterales
ASV813,Actinobacteriota,Pseudonocardiales
ASV815,Acidobacteriota,Acidobacteriales
ASV816,Actinobacteriota,IMCC26256
ASV817,Proteobacteria,Sphingomodales
ASV818,Proteobacteria,Acetobacterales
ASV819,Acidobacteriota,Acidobacteriales
ASV820,Firmicutes,Others
ASV821,Verrucomicrobiota,Chthoniobacterales
ASV822,Acidobacteriota,Acidobacteriales
ASV823,Acidobacteriota,Acidobacteriales
ASV827,Others,Others
ASV829,WPS-2,WPS-2
ASV830,Proteobacteria,Others
ASV831,Proteobacteria,Others
ASV832,Acidobacteriota,Acidobacteriales
ASV834,Acidobacteriota,Acidobacteriales
ASV835,Actinobacteriota,Others
ASV836,Proteobacteria,Others
ASV839,Acidobacteriota,Acidobacteriales
ASV843,Actinobacteriota,Others
ASV846,Proteobacteria,Acetobacterales
ASV847,Proteobacteria,Acetobacterales
ASV848,Acidobacteriota,Acidobacteriales
ASV851,Proteobacteria,Acetobacterales
ASV852,Proteobacteria,Acetobacterales
ASV853,Actinobacteriota,Corynebacteriales
ASV854,Acidobacteriota,Acidobacteriales
ASV855,Proteobacteria,Others
ASV856,Others,Others
ASV857,Proteobacteria,Others
ASV860,Proteobacteria,Acetobacterales
ASV863,Proteobacteria,Acetobacterales
ASV864,Proteobacteria,Acetobacterales
ASV865,Actinobacteriota,Others
ASV868,Actinobacteriota,Micrococcales
ASV869,Actinobacteriota,Pseudonocardiales
ASV870,Actinobacteriota,Corynebacteriales
ASV871,Proteobacteria,Others
ASV872,Proteobacteria,Acetobacterales
ASV873,Acidobacteriota,Acidobacteriales
ASV874,Acidobacteriota,Acidobacteriales
ASV877,Proteobacteria,Others
ASV879,Others,Others
ASV880,Actinobacteriota,Others
ASV881,Proteobacteria,Acetobacterales
ASV883,Proteobacteria,Acetobacterales
ASV884,WPS-2,WPS-2
ASV885,Proteobacteria,Acetobacterales
ASV886,Planctomycetota,Others
ASV887,Acidobacteriota,Acidobacteriales
ASV888,Acidobacteriota,Acidobacteriales
ASV889,Verrucomicrobiota,Chthoniobacterales
ASV890,Acidobacteriota,Acidobacteriales
ASV892,Proteobacteria,Sphingomodales
ASV899,Actinobacteriota,IMCC26256
ASV900,Actinobacteriota,Others
ASV901,Actinobacteriota,IMCC26256
ASV902,Verrucomicrobiota,Chthoniobacterales
ASV903,Proteobacteria,Sphingomodales
ASV904,Actinobacteriota,Others
ASV907,Proteobacteria,Acetobacterales
ASV908,Others,Bacteroidota
ASV911,Proteobacteria,Others
ASV912,Proteobacteria,Acetobacterales
ASV913,Planctomycetota,Others
ASV914,Proteobacteria,Acetobacterales
ASV917,Proteobacteria,Others
ASV918,Actinobacteriota,Others
ASV920,Planctomycetota,Isosphaerales
ASV921,Planctomycetota,Isosphaerales
ASV924,Proteobacteria,Acetobacterales
ASV925,Proteobacteria,Acetobacterales
ASV926,Proteobacteria,Others
ASV928,Proteobacteria,Acetobacterales
ASV929,Actinobacteriota,Frankiales
ASV932,Actinobacteriota,Micrococcales
ASV933,Actinobacteriota,Corynebacteriales
ASV941,Proteobacteria,Acetobacterales
ASV942,Planctomycetota,Isosphaerales
ASV943,Actinobacteriota,Corynebacteriales
ASV944,Proteobacteria,Acetobacterales
ASV945,Proteobacteria,Others
ASV948,Actinobacteriota,Others
ASV949,Actinobacteriota,Corynebacteriales
ASV953,Acidobacteriota,Acidobacteriales
ASV954,Acidobacteriota,Others
ASV957,Actinobacteriota,Micrococcales
ASV958,Proteobacteria,Acetobacterales
ASV959,Actinobacteriota,Others
ASV960,Acidobacteriota,Acidobacteriales
ASV962,Acidobacteriota,Acidobacteriales
ASV963,Acidobacteriota,Acidobacteriales
ASV964,Proteobacteria,Acetobacterales
ASV966,Planctomycetota,Isosphaerales
ASV968,Proteobacteria,Acetobacterales
ASV971,Actinobacteriota,Others
ASV975,Proteobacteria,Others
ASV977,Others,Others
ASV978,Verrucomicrobiota,Chthoniobacterales
ASV979,Proteobacteria,Acetobacterales
ASV980,Proteobacteria,Acetobacterales
ASV981,WPS-2,WPS-2
ASV982,Actinobacteriota,Others
ASV983,Firmicutes,Others
ASV984,Actinobacteriota,Pseudonocardiales
ASV985,Others,Chloroflexi
ASV988,Actinobacteriota,Others
ASV989,Acidobacteriota,Acidobacteriales
ASV990,Proteobacteria,Others
ASV991,Proteobacteria,Caulobacterales
ASV993,Actinobacteriota,Others
ASV994,Actinobacteriota,Frankiales
ASV995,Acidobacteriota,Acidobacteriales
ASV997,Actinobacteriota,Micrococcales
ASV998,Planctomycetota,Isosphaerales
ASV999,Proteobacteria,Others
ASV1001,Actinobacteriota,Pseudonocardiales
ASV1010,Actinobacteriota,Frankiales
ASV1012,Proteobacteria,Others
ASV1015,Actinobacteriota,Others
ASV1016,Acidobacteriota,Acidobacteriales
ASV1021,Actinobacteriota,Frankiales
ASV1022,Proteobacteria,Acetobacterales
ASV1023,WPS-2,WPS-2
ASV1024,Proteobacteria,Acetobacterales
ASV1027,Proteobacteria,Sphingomodales
ASV1028,Proteobacteria,Caulobacterales
ASV1030,Patescibacteria,Saccharimodales
ASV1032,Proteobacteria,Acetobacterales
ASV1035,Acidobacteriota,Others
ASV1036,Verrucomicrobiota,Chthoniobacterales
ASV1037,Proteobacteria,Others
ASV1040,Planctomycetota,Others
ASV1042,WPS-2,WPS-2
ASV1043,Proteobacteria,Acetobacterales
ASV1047,WPS-2,WPS-2
ASV1052,Acidobacteriota,Acidobacteriales
ASV1053,Acidobacteriota,Others
ASV1055,Proteobacteria,Sphingomodales
ASV1057,Proteobacteria,Acetobacterales
ASV1058,Proteobacteria,Acetobacterales
ASV1061,Proteobacteria,Others
ASV1062,Proteobacteria,Acetobacterales
ASV1063,Acidobacteriota,Acidobacteriales
ASV1064,Proteobacteria,Acetobacterales
ASV1065,Acidobacteriota,Acidobacteriales
ASV1066,WPS-2,WPS-2
ASV1067,Actinobacteriota,Others
ASV1068,Actinobacteriota,Others
ASV1069,Verrucomicrobiota,Chthoniobacterales
ASV1070,Proteobacteria,Acetobacterales
ASV1071,Acidobacteriota,Acidobacteriales
ASV1072,Proteobacteria,Sphingomodales
ASV1076,Acidobacteriota,Acidobacteriales
ASV1077,Others,Others
ASV1078,Proteobacteria,Acetobacterales
ASV1082,Verrucomicrobiota,Chthoniobacterales
ASV1088,WPS-2,WPS-2
ASV1089,Proteobacteria,Acetobacterales
ASV1091,Planctomycetota,Isosphaerales
ASV1092,Actinobacteriota,Micrococcales
ASV1093,Others,Others
ASV1094,Verrucomicrobiota,Chthoniobacterales
ASV1095,Proteobacteria,Acetobacterales
ASV1096,Actinobacteriota,Others
ASV1097,Actinobacteriota,Others
ASV1098,Actinobacteriota,Others
ASV1099,Actinobacteriota,Frankiales
ASV1101,Acidobacteriota,Acidobacteriales
ASV1102,Proteobacteria,Acetobacterales
ASV1103,Proteobacteria,Acetobacterales
ASV1108,Proteobacteria,Acetobacterales
ASV1109,Others,Others
ASV1110,Planctomycetota,Isosphaerales
ASV1112,Acidobacteriota,Acidobacteriales
ASV1117,Proteobacteria,Acetobacterales
ASV1118,Proteobacteria,Acetobacterales
ASV1119,Proteobacteria,Acetobacterales
ASV1120,Actinobacteriota,Corynebacteriales
ASV1121,Proteobacteria,Others
ASV1122,Acidobacteriota,Acidobacteriales
ASV1123,Actinobacteriota,Others
ASV1124,Actinobacteriota,Pseudonocardiales
ASV1125,Acidobacteriota,Acidobacteriales
ASV1126,Acidobacteriota,Acidobacteriales
ASV1128,Proteobacteria,Acetobacterales
ASV1130,Acidobacteriota,Acidobacteriales
ASV1136,Proteobacteria,Acetobacterales
ASV1138,Actinobacteriota,Others
ASV1141,Acidobacteriota,Others
ASV1145,Proteobacteria,Sphingomodales
ASV1146,Proteobacteria,Acetobacterales
ASV1147,Planctomycetota,Isosphaerales
ASV1149,Proteobacteria,Acetobacterales
ASV1154,Acidobacteriota,Acidobacteriales
ASV1155,Acidobacteriota,Acidobacteriales
ASV1156,Acidobacteriota,Acidobacteriales
ASV1157,Verrucomicrobiota,Chthoniobacterales
ASV1158,Proteobacteria,Others
ASV1161,Acidobacteriota,Others
ASV1162,Proteobacteria,Acetobacterales
ASV1166,Actinobacteriota,Others
ASV1169,Proteobacteria,Acetobacterales
ASV1170,Actinobacteriota,Others
ASV1172,Acidobacteriota,Others
ASV1173,Verrucomicrobiota,Chthoniobacterales
ASV1176,Acidobacteriota,Acidobacteriales
ASV1177,Acidobacteriota,Acidobacteriales
ASV1178,Proteobacteria,Acetobacterales
ASV1179,Proteobacteria,Acetobacterales
ASV1180,Actinobacteriota,Micrococcales
ASV1181,WPS-2,WPS-2
ASV1182,Actinobacteriota,Others
ASV1183,Acidobacteriota,Acidobacteriales
ASV1184,Actinobacteriota,Others
ASV1193,Actinobacteriota,Others
ASV1195,Planctomycetota,Isosphaerales
ASV1196,Proteobacteria,Acetobacterales
ASV1197,Proteobacteria,Others
ASV1198,Proteobacteria,Caulobacterales
ASV1199,Acidobacteriota,Acidobacteriales
ASV1200,Verrucomicrobiota,Chthoniobacterales
ASV1201,Actinobacteriota,Frankiales
ASV1203,Acidobacteriota,Acidobacteriales
ASV1210,WPS-2,WPS-2
ASV1221,Acidobacteriota,Others
ASV1224,Actinobacteriota,Micrococcales
ASV1225,Proteobacteria,Acetobacterales
ASV1226,Acidobacteriota,Acidobacteriales
ASV1227,Acidobacteriota,Acidobacteriales
ASV1228,Proteobacteria,Acetobacterales
ASV1230,Acidobacteriota,Others
ASV1231,Actinobacteriota,Others
ASV1232,Acidobacteriota,Acidobacteriales
ASV1233,Actinobacteriota,Pseudonocardiales
ASV1234,Actinobacteriota,Micrococcales
ASV1235,Proteobacteria,Acetobacterales
ASV1236,Proteobacteria,Others
ASV1237,Actinobacteriota,Frankiales
ASV1238,Acidobacteriota,Acidobacteriales
ASV1240,Acidobacteriota,Acidobacteriales
ASV1241,Acidobacteriota,Acidobacteriales
ASV1242,Planctomycetota,Isosphaerales
ASV1243,Proteobacteria,Acetobacterales
ASV1244,Proteobacteria,Acetobacterales
ASV1246,Proteobacteria,Acetobacterales
ASV1247,Acidobacteriota,Acidobacteriales
ASV1248,Actinobacteriota,Micrococcales
ASV1249,Proteobacteria,Others
ASV1251,Others,Others
ASV1254,Proteobacteria,Others
ASV1255,Acidobacteriota,Acidobacteriales
ASV1256,Proteobacteria,Others
ASV1257,Proteobacteria,Others
ASV1267,Proteobacteria,Caulobacterales
ASV1272,Proteobacteria,Others
ASV1273,Actinobacteriota,Others
ASV1274,Verrucomicrobiota,Chthoniobacterales
ASV1279,Acidobacteriota,Acidobacteriales
ASV1281,Proteobacteria,Caulobacterales
ASV1282,Proteobacteria,Acetobacterales
ASV1283,Planctomycetota,Isosphaerales
ASV1285,Proteobacteria,Acetobacterales
ASV1286,Actinobacteriota,Others
ASV1287,Actinobacteriota,Frankiales
ASV1291,WPS-2,WPS-2
ASV1292,Firmicutes,Paenibacillales
ASV1293,Actinobacteriota,Corynebacteriales
ASV1294,Proteobacteria,Acetobacterales
ASV1295,Firmicutes,Paenibacillales
ASV1296,Verrucomicrobiota,Chthoniobacterales
ASV1297,Firmicutes,Others
ASV1300,Acidobacteriota,Acidobacteriales
ASV1303,Actinobacteriota,Corynebacteriales
ASV1309,Proteobacteria,Acetobacterales
ASV1310,Acidobacteriota,Acidobacteriales
ASV1311,Proteobacteria,Others
ASV1312,Proteobacteria,Acetobacterales
ASV1313,Acidobacteriota,Acidobacteriales
ASV1315,Acidobacteriota,Acidobacteriales
ASV1318,Proteobacteria,Sphingomodales
ASV1320,Actinobacteriota,Corynebacteriales
ASV1321,Actinobacteriota,Others
ASV1322,WPS-2,WPS-2
ASV1323,Actinobacteriota,Others
ASV1324,Proteobacteria,Acetobacterales
ASV1325,Acidobacteriota,Acidobacteriales
ASV1327,Others,Others
ASV1328,Proteobacteria,Acetobacterales
ASV1329,Dependentiae,Babeliales
ASV1330,Verrucomicrobiota,Chthoniobacterales
ASV1331,Proteobacteria,Caulobacterales
ASV1332,Proteobacteria,Acetobacterales
ASV1335,Proteobacteria,Acetobacterales
ASV1337,Verrucomicrobiota,Chthoniobacterales
ASV1338,Proteobacteria,Acetobacterales
ASV1339,Actinobacteriota,Solirubrobacterales
ASV1340,Planctomycetota,Others
ASV1341,Proteobacteria,Caulobacterales
ASV1343,Actinobacteriota,Micrococcales
ASV1347,Actinobacteriota,Others
ASV1348,Verrucomicrobiota,Chthoniobacterales
ASV1349,Planctomycetota,Isosphaerales
ASV1351,Others,Others
ASV1352,Firmicutes,Others
ASV1353,Acidobacteriota,Acidobacteriales
ASV1354,Proteobacteria,Others
ASV1355,Proteobacteria,Acetobacterales
ASV1356,Planctomycetota,Isosphaerales
ASV1357,Acidobacteriota,Acidobacteriales
ASV1358,Actinobacteriota,Micrococcales
ASV1359,Proteobacteria,Acetobacterales
ASV1361,Firmicutes,Paenibacillales
ASV1362,Actinobacteriota,Frankiales
ASV1364,Proteobacteria,Acetobacterales
ASV1365,Proteobacteria,Others
ASV1366,Planctomycetota,Isosphaerales
ASV1371,Proteobacteria,Others
ASV1372,Proteobacteria,Others
ASV1373,Proteobacteria,Caulobacterales
ASV1376,Proteobacteria,Others
ASV1382,Planctomycetota,Others
ASV1385,Actinobacteriota,Others
ASV1386,Proteobacteria,Acetobacterales
ASV1387,Verrucomicrobiota,Chthoniobacterales
ASV1388,Acidobacteriota,Acidobacteriales
ASV1389,Acidobacteriota,Acidobacteriales
ASV1391,Actinobacteriota,Pseudonocardiales
ASV1392,Acidobacteriota,Acidobacteriales
ASV1393,Firmicutes,Others
ASV1394,Planctomycetota,Isosphaerales
ASV1395,Proteobacteria,Others
ASV1396,Acidobacteriota,Acidobacteriales
ASV1400,Verrucomicrobiota,Chthoniobacterales
ASV1402,Proteobacteria,Others
ASV1403,Proteobacteria,Acetobacterales
ASV1405,Acidobacteriota,Acidobacteriales
ASV1407,Verrucomicrobiota,Chthoniobacterales
ASV1412,Proteobacteria,Acetobacterales
ASV1415,Actinobacteriota,Micrococcales
ASV1418,Proteobacteria,Acetobacterales
ASV1419,Verrucomicrobiota,Chthoniobacterales
ASV1420,Acidobacteriota,Acidobacteriales
ASV1421,Actinobacteriota,Others
ASV1423,Acidobacteriota,Acidobacteriales
ASV1425,Proteobacteria,Acetobacterales
ASV1426,Actinobacteriota,Others
ASV1428,Verrucomicrobiota,Chthoniobacterales
ASV1429,Proteobacteria,Acetobacterales
ASV1430,Acidobacteriota,Acidobacteriales
ASV1431,Acidobacteriota,Acidobacteriales
ASV1432,Firmicutes,Paenibacillales
ASV1434,Actinobacteriota,Frankiales
ASV1437,Proteobacteria,Acetobacterales
ASV1441,Acidobacteriota,Acidobacteriales
ASV1442,Acidobacteriota,Acidobacteriales
ASV1446,Proteobacteria,Others
ASV1449,Proteobacteria,Acetobacterales
ASV1450,Proteobacteria,Acetobacterales
ASV1451,Actinobacteriota,Others
ASV1452,Actinobacteriota,Pseudonocardiales
ASV1455,Proteobacteria,Acetobacterales
ASV1456,Actinobacteriota,Solirubrobacterales
ASV1463,Proteobacteria,Others
ASV1464,Proteobacteria,Caulobacterales
ASV1465,Planctomycetota,Others
ASV1466,Proteobacteria,Others
ASV1467,Acidobacteriota,Acidobacteriales
ASV1468,Actinobacteriota,Frankiales
ASV1469,Others,Bacteroidota
ASV1470,Proteobacteria,Acetobacterales
ASV1472,Acidobacteriota,Acidobacteriales
ASV1476,Planctomycetota,Isosphaerales
ASV1477,Acidobacteriota,Acidobacteriales
ASV1478,Proteobacteria,Others
ASV1479,Others,Others
ASV1480,Planctomycetota,Others
ASV1481,Proteobacteria,Others
ASV1483,Proteobacteria,Acetobacterales
ASV1484,Acidobacteriota,Acidobacteriales
ASV1485,Actinobacteriota,Others
ASV1486,Acidobacteriota,Acidobacteriales
ASV1488,Proteobacteria,Acetobacterales
ASV1489,Acidobacteriota,Acidobacteriales
ASV1490,Acidobacteriota,Acidobacteriales
ASV1492,Acidobacteriota,Acidobacteriales
ASV1495,Acidobacteriota,Acidobacteriales
ASV1496,Actinobacteriota,Others
ASV1497,Actinobacteriota,Others
ASV1498,Actinobacteriota,Others
ASV1500,Acidobacteriota,Acidobacteriales
ASV1501,Proteobacteria,Acetobacterales
ASV1502,Verrucomicrobiota,Chthoniobacterales
ASV1504,Proteobacteria,Caulobacterales
ASV1505,Planctomycetota,Isosphaerales
ASV1506,Actinobacteriota,Micrococcales
ASV1507,Proteobacteria,Acetobacterales
ASV1509,Proteobacteria,Acetobacterales
ASV1511,Verrucomicrobiota,Chthoniobacterales
ASV1512,Acidobacteriota,Acidobacteriales
ASV1515,Actinobacteriota,Frankiales
ASV1518,Others,Others
ASV1519,Acidobacteriota,Acidobacteriales
ASV1521,Proteobacteria,Others
ASV1523,Actinobacteriota,Others
ASV1524,Actinobacteriota,Others
ASV1525,Actinobacteriota,Others
ASV1526,Others,Others
ASV1529,Verrucomicrobiota,Chthoniobacterales
ASV1530,Actinobacteriota,Corynebacteriales
ASV1531,Acidobacteriota,Acidobacteriales
ASV1532,Proteobacteria,Acetobacterales
ASV1533,Proteobacteria,Acetobacterales
ASV1534,Acidobacteriota,Acidobacteriales
ASV1535,Proteobacteria,Acetobacterales
ASV1536,Acidobacteriota,Acidobacteriales
ASV1537,Proteobacteria,Caulobacterales
ASV1538,Proteobacteria,Acetobacterales
ASV1539,Actinobacteriota,Solirubrobacterales
ASV1540,Actinobacteriota,Solirubrobacterales
ASV1541,Actinobacteriota,Others
ASV1542,Actinobacteriota,Others
ASV1543,Actinobacteriota,Others
ASV1544,Actinobacteriota,Pseudonocardiales
ASV1545,Acidobacteriota,Acidobacteriales
ASV1546,Actinobacteriota,Solirubrobacterales
ASV1547,Actinobacteriota,Solirubrobacterales
ASV1548,Actinobacteriota,Solirubrobacterales
ASV1553,Actinobacteriota,Frankiales
ASV1554,Proteobacteria,Acetobacterales
ASV1555,Others,Others
ASV1556,Acidobacteriota,Acidobacteriales
ASV1559,Actinobacteriota,Pseudonocardiales
ASV1560,Actinobacteriota,Others
ASV1562,Actinobacteriota,Solirubrobacterales
ASV1563,Acidobacteriota,Others
ASV1564,Actinobacteriota,Others
ASV1565,Others,Others
ASV1566,Actinobacteriota,Others
ASV1567,Proteobacteria,Acetobacterales
ASV1568,Proteobacteria,Acetobacterales
ASV1571,Proteobacteria,Acetobacterales
ASV1572,Proteobacteria,Others
ASV1573,Proteobacteria,Acetobacterales
ASV1574,Proteobacteria,Others
ASV1575,Proteobacteria,Acetobacterales
ASV1576,Planctomycetota,Isosphaerales
ASV1577,Proteobacteria,Acetobacterales
ASV1578,Proteobacteria,Sphingomodales
ASV1579,Actinobacteriota,Micrococcales
ASV1581,Actinobacteriota,Others
ASV1582,Actinobacteriota,Frankiales
ASV1583,Acidobacteriota,Acidobacteriales
ASV1584,Acidobacteriota,Acidobacteriales
ASV1585,Actinobacteriota,Solirubrobacterales
ASV1587,Actinobacteriota,Others
ASV1588,Acidobacteriota,Acidobacteriales
ASV1589,Firmicutes,Others
ASV1595,Actinobacteriota,Solirubrobacterales
ASV1596,Acidobacteriota,Acidobacteriales
ASV1599,Others,Others
ASV1600,Proteobacteria,Others
ASV1602,Actinobacteriota,Solirubrobacterales
ASV1603,Planctomycetota,Isosphaerales
ASV1612,Planctomycetota,Isosphaerales
ASV1615,Acidobacteriota,Acidobacteriales
ASV1617,Actinobacteriota,Solirubrobacterales
ASV1618,Actinobacteriota,Corynebacteriales
ASV1620,Verrucomicrobiota,Chthoniobacterales
ASV1622,Acidobacteriota,Acidobacteriales
ASV1623,Proteobacteria,Others
ASV1628,Acidobacteriota,Acidobacteriales
ASV1630,Others,Bacteroidota
ASV1632,Proteobacteria,Others
ASV1634,Actinobacteriota,Solirubrobacterales
ASV1635,Acidobacteriota,Others
ASV1636,Proteobacteria,Acetobacterales
ASV1637,Planctomycetota,Isosphaerales
ASV1638,Others,Others
ASV1639,Actinobacteriota,Others
ASV1642,Proteobacteria,Caulobacterales
ASV1643,Actinobacteriota,IMCC26256
ASV1644,Verrucomicrobiota,Chthoniobacterales
ASV1645,Actinobacteriota,Others
ASV1646,Actinobacteriota,Frankiales
ASV1647,Actinobacteriota,Frankiales
ASV1648,Actinobacteriota,Frankiales
ASV1649,Proteobacteria,Acetobacterales
ASV1650,Actinobacteriota,Others
ASV1651,Proteobacteria,Acetobacterales
ASV1652,Firmicutes,Others
ASV1654,Proteobacteria,Acetobacterales
ASV1656,Proteobacteria,Others
ASV1657,Proteobacteria,Others
ASV1659,Verrucomicrobiota,Chthoniobacterales
ASV1662,Planctomycetota,Isosphaerales
ASV1664,Verrucomicrobiota,Chthoniobacterales
ASV1665,Acidobacteriota,Acidobacteriales
ASV1667,Acidobacteriota,Acidobacteriales
ASV1668,Proteobacteria,Sphingomodales
ASV1670,Actinobacteriota,Solirubrobacterales
ASV1671,Actinobacteriota,Others
ASV1673,Proteobacteria,Acetobacterales
ASV1674,Proteobacteria,Acetobacterales
ASV1677,Planctomycetota,Isosphaerales
ASV1678,Verrucomicrobiota,Chthoniobacterales
ASV1681,Others,Bacteroidota
ASV1682,Actinobacteriota,IMCC26256
ASV1684,Acidobacteriota,Acidobacteriales
ASV1686,Actinobacteriota,Others
ASV1687,Actinobacteriota,Others
ASV1688,Proteobacteria,Acetobacterales
ASV1689,Actinobacteriota,Others
ASV1690,Actinobacteriota,Pseudonocardiales
ASV1691,Others,Bacteroidota
ASV1694,Proteobacteria,Acetobacterales
ASV1695,Proteobacteria,Sphingomodales
ASV1696,Proteobacteria,Acetobacterales
ASV1707,Planctomycetota,Isosphaerales
ASV1708,Proteobacteria,Acetobacterales
ASV1709,Proteobacteria,Acetobacterales
ASV1711,Proteobacteria,Acetobacterales
ASV1712,Actinobacteriota,Corynebacteriales
ASV1713,Proteobacteria,Acetobacterales
ASV1717,Verrucomicrobiota,Chthoniobacterales
ASV1718,Actinobacteriota,Others
ASV1719,Proteobacteria,Others
ASV1720,Actinobacteriota,Solirubrobacterales
ASV1723,Proteobacteria,Others
ASV1725,Actinobacteriota,Others
ASV1727,Proteobacteria,Acetobacterales
ASV1728,Proteobacteria,Others
ASV1729,Proteobacteria,Others
ASV1730,Proteobacteria,Others
ASV1731,Proteobacteria,Others
ASV1732,Proteobacteria,Sphingomodales
ASV1733,Actinobacteriota,Corynebacteriales
ASV1734,Actinobacteriota,Pseudonocardiales
ASV1735,Verrucomicrobiota,Chthoniobacterales
ASV1737,Proteobacteria,Acetobacterales
ASV1739,Planctomycetota,Isosphaerales
ASV1740,Actinobacteriota,IMCC26256
ASV1741,Acidobacteriota,Acidobacteriales
ASV1742,Actinobacteriota,Others
ASV1743,Verrucomicrobiota,Chthoniobacterales
ASV1744,Verrucomicrobiota,Chthoniobacterales
ASV1745,Firmicutes,Paenibacillales
ASV1750,Proteobacteria,Acetobacterales
ASV1754,Verrucomicrobiota,Chthoniobacterales
ASV1761,Others,Others
ASV1764,Actinobacteriota,Others
ASV1765,Proteobacteria,Others
ASV1768,Acidobacteriota,Acidobacteriales
ASV1770,Actinobacteriota,Solirubrobacterales
ASV1771,Acidobacteriota,Acidobacteriales
ASV1774,Acidobacteriota,Acidobacteriales
ASV1775,Proteobacteria,Others
ASV1776,Proteobacteria,Sphingomodales
ASV1778,Actinobacteriota,Others
ASV1779,Actinobacteriota,Frankiales
ASV1780,Actinobacteriota,Others
ASV1781,Actinobacteriota,Solirubrobacterales
ASV1782,Acidobacteriota,Acidobacteriales
ASV1783,Actinobacteriota,Solirubrobacterales
ASV1784,Actinobacteriota,Others
ASV1785,Actinobacteriota,Others
ASV1786,Proteobacteria,Others
ASV1787,Actinobacteriota,Solirubrobacterales
ASV1788,Acidobacteriota,Acidobacteriales
ASV1789,Proteobacteria,Others
ASV1791,Proteobacteria,Acetobacterales
ASV1795,Actinobacteriota,IMCC26256
ASV1796,Planctomycetota,Isosphaerales
ASV1797,Acidobacteriota,Acidobacteriales
ASV1798,Proteobacteria,Caulobacterales
ASV1803,Planctomycetota,Isosphaerales
ASV1805,Proteobacteria,Others
ASV1806,Others,Chloroflexi
ASV1808,Acidobacteriota,Acidobacteriales
ASV1812,Proteobacteria,Sphingomodales
ASV1814,Proteobacteria,Acetobacterales
ASV1816,Actinobacteriota,Others
ASV1817,Acidobacteriota,Acidobacteriales
ASV1818,Acidobacteriota,Acidobacteriales
ASV1819,Proteobacteria,Acetobacterales
ASV1820,Proteobacteria,Acetobacterales
ASV1821,Planctomycetota,Isosphaerales
ASV1823,Acidobacteriota,Acidobacteriales
ASV1825,Proteobacteria,Others
ASV1826,Acidobacteriota,Acidobacteriales
ASV1827,Actinobacteriota,Frankiales
ASV1828,Actinobacteriota,Pseudonocardiales
ASV1829,Actinobacteriota,Others
ASV1831,Acidobacteriota,Acidobacteriales
ASV1833,Proteobacteria,Acetobacterales
ASV1834,Proteobacteria,Caulobacterales
ASV1835,Acidobacteriota,Acidobacteriales
ASV1836,Others,Bacteroidota
ASV1837,Verrucomicrobiota,Chthoniobacterales
ASV1838,Planctomycetota,Isosphaerales
ASV1842,Proteobacteria,Acetobacterales
ASV1843,Proteobacteria,Others
ASV1844,Acidobacteriota,Acidobacteriales
ASV1845,Others,Others
ASV1849,Actinobacteriota,Frankiales
ASV1851,Others,Others
ASV1852,Actinobacteriota,Micrococcales
ASV1853,Acidobacteriota,Acidobacteriales
ASV1854,Actinobacteriota,Others
ASV1857,Acidobacteriota,Others
ASV1860,Others,Others
ASV1861,Acidobacteriota,Acidobacteriales
ASV1862,Planctomycetota,Isosphaerales
ASV1864,Planctomycetota,Others
ASV1865,Proteobacteria,Acetobacterales
ASV1868,Acidobacteriota,Acidobacteriales
ASV1870,Actinobacteriota,IMCC26256
ASV1871,Others,Others
ASV1872,Acidobacteriota,Acidobacteriales
ASV1873,Proteobacteria,Others
ASV1874,Proteobacteria,Acetobacterales
ASV1875,Actinobacteriota,Others
ASV1876,Actinobacteriota,Others
ASV1877,Others,Bacteroidota
ASV1881,Acidobacteriota,Acidobacteriales
ASV1887,Proteobacteria,Acetobacterales
ASV1888,Firmicutes,Paenibacillales
ASV1889,Acidobacteriota,Acidobacteriales
ASV1890,Acidobacteriota,Others
ASV1892,Proteobacteria,Others
ASV1893,Actinobacteriota,Solirubrobacterales
ASV1900,Others,Others
ASV1903,Actinobacteriota,Frankiales
ASV1904,Actinobacteriota,Micrococcales
ASV1905,Verrucomicrobiota,Chthoniobacterales
ASV1907,Acidobacteriota,Acidobacteriales
ASV1909,Actinobacteriota,Solirubrobacterales
ASV1910,Proteobacteria,Acetobacterales
ASV1911,Proteobacteria,Acetobacterales
ASV1913,Actinobacteriota,Solirubrobacterales
ASV1914,Actinobacteriota,Others
ASV1915,Actinobacteriota,Others
ASV1917,Actinobacteriota,Others
ASV1919,Acidobacteriota,Acidobacteriales
ASV1920,Proteobacteria,Others
ASV1921,Firmicutes,Others
ASV1922,Actinobacteriota,Corynebacteriales
ASV1927,Firmicutes,Others
ASV1930,Acidobacteriota,Acidobacteriales
ASV1933,Acidobacteriota,Acidobacteriales
ASV1936,Acidobacteriota,Acidobacteriales
ASV1937,Planctomycetota,Others
ASV1938,Planctomycetota,Isosphaerales
ASV1939,Acidobacteriota,Acidobacteriales
ASV1941,Proteobacteria,Acetobacterales
ASV1942,Planctomycetota,Isosphaerales
ASV1943,Actinobacteriota,IMCC26256
ASV1944,Acidobacteriota,Acidobacteriales
ASV1947,Actinobacteriota,Corynebacteriales
ASV1948,Actinobacteriota,Others
ASV1950,Actinobacteriota,Frankiales
ASV1951,Acidobacteriota,Acidobacteriales
ASV1952,Actinobacteriota,Solirubrobacterales
ASV1953,Acidobacteriota,Acidobacteriales
ASV1954,Others,Others
ASV1955,Acidobacteriota,Acidobacteriales
ASV1956,Actinobacteriota,Frankiales
ASV1957,Proteobacteria,Others
ASV1958,Proteobacteria,Sphingomodales
ASV1959,Actinobacteriota,Others
ASV1960,Proteobacteria,Caulobacterales
ASV1961,Firmicutes,Others
ASV1962,Proteobacteria,Acetobacterales
ASV1964,Proteobacteria,Others
ASV1966,Others,Chloroflexi
ASV1971,Proteobacteria,Others
ASV1972,Others,Bacteroidota
ASV1973,Acidobacteriota,Acidobacteriales
ASV1974,Actinobacteriota,Solirubrobacterales
ASV1975,Proteobacteria,Sphingomodales
ASV1976,Proteobacteria,Sphingomodales
ASV1979,Proteobacteria,Acetobacterales
ASV1982,Acidobacteriota,Acidobacteriales
ASV1983,Planctomycetota,Isosphaerales
ASV1984,Planctomycetota,Others
ASV1985,Actinobacteriota,Others
ASV1986,Acidobacteriota,Acidobacteriales
ASV1989,Acidobacteriota,Acidobacteriales
ASV1990,Proteobacteria,Acetobacterales
ASV1991,Actinobacteriota,Micrococcales
ASV1992,Actinobacteriota,Others
ASV1993,Actinobacteriota,Others
ASV1994,Actinobacteriota,Others
ASV1995,Proteobacteria,Others
ASV1996,Acidobacteriota,Acidobacteriales
ASV1998,Acidobacteriota,Acidobacteriales
ASV2000,Others,Bacteroidota
ASV2001,Acidobacteriota,Others
ASV2002,Planctomycetota,Others
ASV2003,Verrucomicrobiota,Chthoniobacterales
ASV2005,Verrucomicrobiota,Chthoniobacterales
ASV2006,Proteobacteria,Others
ASV2011,Proteobacteria,Others
ASV2016,Acidobacteriota,Acidobacteriales
ASV2017,Acidobacteriota,Others
ASV2018,Actinobacteriota,IMCC26256
ASV2019,Firmicutes,Others
ASV2020,Proteobacteria,Acetobacterales
ASV2023,Proteobacteria,Acetobacterales
ASV2026,Proteobacteria,Others
ASV2027,Acidobacteriota,Acidobacteriales
ASV2028,Proteobacteria,Acetobacterales
ASV2029,Planctomycetota,Isosphaerales
ASV2030,Proteobacteria,Others
ASV2031,Proteobacteria,Acetobacterales
ASV2033,Proteobacteria,Caulobacterales
ASV2034,Patescibacteria,Saccharimodales
ASV2035,Actinobacteriota,Micrococcales
ASV2037,Actinobacteriota,Others
ASV2038,Actinobacteriota,Others
ASV2039,Actinobacteriota,Others
ASV2040,Actinobacteriota,Others
ASV2041,Actinobacteriota,IMCC26256
ASV2042,Planctomycetota,Isosphaerales
ASV2043,Actinobacteriota,Frankiales
ASV2044,Actinobacteriota,Others
ASV2046,Verrucomicrobiota,Chthoniobacterales
ASV2047,Actinobacteriota,Frankiales
ASV2050,Actinobacteriota,Others
ASV2052,Acidobacteriota,Acidobacteriales
ASV2053,Acidobacteriota,Acidobacteriales
ASV2054,Firmicutes,Paenibacillales
ASV2055,Firmicutes,Others
ASV2063,Others,Bacteroidota
ASV2064,Actinobacteriota,Solirubrobacterales
ASV2066,Acidobacteriota,Others
ASV2067,Acidobacteriota,Acidobacteriales
ASV2068,Proteobacteria,Others
ASV2070,Verrucomicrobiota,Chthoniobacterales
ASV2071,Acidobacteriota,Acidobacteriales
ASV2072,Acidobacteriota,Acidobacteriales
ASV2075,Acidobacteriota,Acidobacteriales
ASV2078,Proteobacteria,Acetobacterales
ASV2080,Acidobacteriota,Acidobacteriales
ASV2081,Acidobacteriota,Acidobacteriales
ASV2083,Planctomycetota,Isosphaerales
ASV2084,Proteobacteria,Acetobacterales
ASV2087,Proteobacteria,Others
ASV2088,Acidobacteriota,Acidobacteriales
ASV2089,Proteobacteria,Acetobacterales
ASV2090,Acidobacteriota,Acidobacteriales
ASV2092,Acidobacteriota,Acidobacteriales
ASV2093,Actinobacteriota,Others
ASV2094,Actinobacteriota,Others
ASV2096,Actinobacteriota,Others
ASV2097,Actinobacteriota,Solirubrobacterales
ASV2098,Actinobacteriota,Frankiales
ASV2099,Actinobacteriota,Others
ASV2101,Others,Bacteroidota
ASV2102,Verrucomicrobiota,Chthoniobacterales
ASV2104,Actinobacteriota,Corynebacteriales
ASV2105,Planctomycetota,Isosphaerales
ASV2106,Planctomycetota,Isosphaerales
ASV2107,Proteobacteria,Caulobacterales
ASV2109,Actinobacteriota,Others
ASV2111,Actinobacteriota,Others
ASV2113,Proteobacteria,Others
ASV2114,Proteobacteria,Acetobacterales
ASV2119,Proteobacteria,Others
ASV2121,Firmicutes,Others
ASV2123,Acidobacteriota,Acidobacteriales
ASV2124,Others,Others
ASV2125,Verrucomicrobiota,Chthoniobacterales
ASV2129,Planctomycetota,Others
ASV2130,Planctomycetota,Isosphaerales
ASV2131,Proteobacteria,Acetobacterales
ASV2134,Proteobacteria,Acetobacterales
ASV2135,Acidobacteriota,Acidobacteriales
ASV2137,Acidobacteriota,Acidobacteriales
ASV2138,Acidobacteriota,Acidobacteriales
ASV2139,Proteobacteria,Acetobacterales
ASV2140,Proteobacteria,Acetobacterales
ASV2142,Actinobacteriota,Others
ASV2143,Actinobacteriota,Frankiales
ASV2145,Actinobacteriota,Others
ASV2146,Actinobacteriota,Others
ASV2148,Actinobacteriota,Solirubrobacterales
ASV2150,Actinobacteriota,Others
ASV2151,Acidobacteriota,Acidobacteriales
ASV2152,Proteobacteria,Others
ASV2153,Firmicutes,Others
ASV2155,Actinobacteriota,Frankiales
ASV2156,Firmicutes,Others
ASV2157,Proteobacteria,Others
ASV2167,Verrucomicrobiota,Chthoniobacterales
ASV2169,Acidobacteriota,Acidobacteriales
ASV2170,Proteobacteria,Caulobacterales
ASV2171,Actinobacteriota,Others
ASV2172,Acidobacteriota,Acidobacteriales
ASV2174,Acidobacteriota,Acidobacteriales
ASV2178,Planctomycetota,Isosphaerales
ASV2179,Planctomycetota,Others
ASV2181,Proteobacteria,Acetobacterales
ASV2182,Firmicutes,Others
ASV2183,Planctomycetota,Others
ASV2184,Planctomycetota,Others
ASV2185,Proteobacteria,Acetobacterales
ASV2186,Actinobacteriota,Micrococcales
ASV2188,Acidobacteriota,Acidobacteriales
ASV2189,Acidobacteriota,Acidobacteriales
ASV2190,Acidobacteriota,Acidobacteriales
ASV2191,Acidobacteriota,Acidobacteriales
ASV2193,Acidobacteriota,Acidobacteriales
ASV2195,Acidobacteriota,Acidobacteriales
ASV2196,Actinobacteriota,Solirubrobacterales
ASV2197,Actinobacteriota,Others
ASV2198,Actinobacteriota,Solirubrobacterales
ASV2199,Actinobacteriota,Solirubrobacterales
ASV2200,Actinobacteriota,Solirubrobacterales
ASV2201,Actinobacteriota,Others
ASV2202,Actinobacteriota,Others
ASV2203,Actinobacteriota,Others
ASV2204,Proteobacteria,Acetobacterales
ASV2205,Proteobacteria,Sphingomodales
ASV2206,Actinobacteriota,Frankiales
ASV2208,Acidobacteriota,Acidobacteriales
ASV2209,Acidobacteriota,Acidobacteriales
ASV2210,Acidobacteriota,Acidobacteriales
ASV2211,Actinobacteriota,Pseudonocardiales
ASV2212,Actinobacteriota,Frankiales
ASV2216,Verrucomicrobiota,Chthoniobacterales
ASV2217,Verrucomicrobiota,Chthoniobacterales
ASV2218,Proteobacteria,Others
ASV2220,Proteobacteria,Others
ASV2221,Actinobacteriota,Others
ASV2222,Actinobacteriota,Solirubrobacterales
ASV2224,Acidobacteriota,Acidobacteriales
ASV2225,Proteobacteria,Acetobacterales
ASV2226,Actinobacteriota,Frankiales
ASV2229,Proteobacteria,Acetobacterales
ASV2233,Proteobacteria,Others
ASV2234,Proteobacteria,Acetobacterales
ASV2239,Actinobacteriota,Others
ASV2240,Acidobacteriota,Acidobacteriales
ASV2241,Planctomycetota,Isosphaerales
ASV2243,Verrucomicrobiota,Chthoniobacterales
ASV2244,Acidobacteriota,Acidobacteriales
ASV2245,Others,Chloroflexi
ASV2246,Actinobacteriota,Micrococcales
ASV2247,Proteobacteria,Acetobacterales
ASV2250,Proteobacteria,Acetobacterales
ASV2251,Proteobacteria,Acetobacterales
ASV2252,Actinobacteriota,Frankiales
ASV2253,Proteobacteria,Others
ASV2255,Actinobacteriota,Frankiales
ASV2256,Acidobacteriota,Acidobacteriales
ASV2257,Actinobacteriota,Others
ASV2258,Acidobacteriota,Acidobacteriales
ASV2259,Actinobacteriota,Corynebacteriales
ASV2261,Acidobacteriota,Acidobacteriales
ASV2262,Proteobacteria,Acetobacterales
ASV2263,Patescibacteria,Saccharimodales
ASV2264,Actinobacteriota,Others
ASV2266,Acidobacteriota,Acidobacteriales
ASV2268,Planctomycetota,Isosphaerales
ASV2269,Actinobacteriota,Pseudonocardiales
ASV2270,Proteobacteria,Others
ASV2271,Firmicutes,Others
ASV2276,Proteobacteria,Acetobacterales
ASV2277,Actinobacteriota,Others
ASV2280,Proteobacteria,Sphingomodales
ASV2284,Others,Others
ASV2286,Acidobacteriota,Others
ASV2291,Others,Others
ASV2293,Acidobacteriota,Acidobacteriales
ASV2294,Acidobacteriota,Acidobacteriales
ASV2295,Proteobacteria,Caulobacterales
ASV2296,Actinobacteriota,Others
ASV2297,Actinobacteriota,Others
ASV2298,Acidobacteriota,Acidobacteriales
ASV2299,Actinobacteriota,Others
ASV2300,Proteobacteria,Others
ASV2302,Proteobacteria,Others
ASV2303,Proteobacteria,Acetobacterales
ASV2305,Actinobacteriota,Others
ASV2308,Actinobacteriota,Solirubrobacterales
ASV2309,Verrucomicrobiota,Chthoniobacterales
ASV2310,Actinobacteriota,Micrococcales
ASV2311,Actinobacteriota,Others
ASV2312,Actinobacteriota,Others
ASV2313,Actinobacteriota,Others
ASV2314,Proteobacteria,Caulobacterales
ASV2315,Actinobacteriota,Frankiales
ASV2316,Verrucomicrobiota,Chthoniobacterales
ASV2318,Acidobacteriota,Acidobacteriales
ASV2319,Acidobacteriota,Acidobacteriales
ASV2320,Acidobacteriota,Acidobacteriales
ASV2321,Actinobacteriota,Frankiales
ASV2322,Proteobacteria,Others
ASV2323,Proteobacteria,Others
ASV2325,Proteobacteria,Others
ASV2334,Proteobacteria,Others
ASV2335,Actinobacteriota,Others
ASV2336,Others,Bacteroidota
ASV2337,Actinobacteriota,Frankiales
ASV2339,Actinobacteriota,Frankiales
ASV2340,Proteobacteria,Acetobacterales
ASV2341,Actinobacteriota,Others
ASV2342,Actinobacteriota,Others
ASV2344,Proteobacteria,Others
ASV2346,Actinobacteriota,Frankiales
ASV2347,Proteobacteria,Acetobacterales
ASV2348,Proteobacteria,Acetobacterales
ASV2349,Others,Others
ASV2352,Planctomycetota,Isosphaerales
ASV2356,Actinobacteriota,Frankiales
ASV2358,Planctomycetota,Isosphaerales
ASV2359,Proteobacteria,Acetobacterales
ASV2361,Proteobacteria,Acetobacterales
ASV2363,Actinobacteriota,Others
ASV2365,Acidobacteriota,Acidobacteriales
ASV2366,Actinobacteriota,Solirubrobacterales
ASV2367,Actinobacteriota,Micrococcales
ASV2368,Actinobacteriota,Micrococcales
ASV2371,Actinobacteriota,Others
ASV2372,Others,Bacteroidota
ASV2375,Others,Chloroflexi
ASV2376,Firmicutes,Others
ASV2385,Acidobacteriota,Acidobacteriales
ASV2387,Actinobacteriota,Pseudonocardiales
ASV2388,Verrucomicrobiota,Chthoniobacterales
ASV2389,Acidobacteriota,Acidobacteriales
ASV2390,Acidobacteriota,Acidobacteriales
ASV2392,Proteobacteria,Caulobacterales
ASV2393,Proteobacteria,Others
ASV2395,Acidobacteriota,Acidobacteriales
ASV2396,Acidobacteriota,Acidobacteriales
ASV2398,Actinobacteriota,Others
ASV2399,Acidobacteriota,Acidobacteriales
ASV2400,Acidobacteriota,Acidobacteriales
ASV2401,Actinobacteriota,Frankiales
ASV2402,Actinobacteriota,Solirubrobacterales
ASV2403,Actinobacteriota,Others
ASV2404,Others,Chloroflexi
ASV2405,Proteobacteria,Acetobacterales
ASV2406,Proteobacteria,Acetobacterales
ASV2407,Proteobacteria,Acetobacterales
ASV2408,Acidobacteriota,Acidobacteriales
ASV2411,Planctomycetota,Isosphaerales
ASV2412,Firmicutes,Others
ASV2413,Verrucomicrobiota,Chthoniobacterales
ASV2414,Acidobacteriota,Acidobacteriales
ASV2415,Firmicutes,Paenibacillales
ASV2416,Firmicutes,Paenibacillales
ASV2421,Acidobacteriota,Acidobacteriales
ASV2422,Proteobacteria,Caulobacterales
ASV2428,Planctomycetota,Isosphaerales
ASV2429,Actinobacteriota,Solirubrobacterales
ASV2430,Actinobacteriota,Others
ASV2431,Acidobacteriota,Acidobacteriales
ASV2433,Planctomycetota,Isosphaerales
ASV2434,Planctomycetota,Isosphaerales
ASV2436,Actinobacteriota,Others
ASV2437,Planctomycetota,Isosphaerales
ASV2438,Firmicutes,Others
ASV2439,Planctomycetota,Isosphaerales
ASV2440,Proteobacteria,Others
ASV2441,Actinobacteriota,Others
ASV2442,Acidobacteriota,Acidobacteriales
ASV2443,Verrucomicrobiota,Chthoniobacterales
ASV2444,Proteobacteria,Acetobacterales
ASV2445,Acidobacteriota,Acidobacteriales
ASV2446,Acidobacteriota,Acidobacteriales
ASV2447,Verrucomicrobiota,Chthoniobacterales
ASV2448,Others,Others
ASV2454,Actinobacteriota,Pseudonocardiales
ASV2456,Actinobacteriota,Frankiales
ASV2457,Actinobacteriota,Frankiales
ASV2458,Actinobacteriota,Solirubrobacterales
ASV2459,Actinobacteriota,Others
ASV2460,Actinobacteriota,Others
ASV2461,Proteobacteria,Others
ASV2462,Actinobacteriota,Solirubrobacterales
ASV2464,Proteobacteria,Acetobacterales
ASV2466,Proteobacteria,Acetobacterales
ASV2467,Actinobacteriota,Frankiales
ASV2468,Actinobacteriota,Pseudonocardiales
ASV2470,Verrucomicrobiota,Chthoniobacterales
ASV2471,Actinobacteriota,Corynebacteriales
ASV2472,Proteobacteria,Sphingomodales
ASV2473,Acidobacteriota,Acidobacteriales
ASV2474,Actinobacteriota,Others
ASV2475,Firmicutes,Others
ASV2476,Others,Bacteroidota
ASV2485,Acidobacteriota,Acidobacteriales
ASV2490,Planctomycetota,Isosphaerales
ASV2491,Proteobacteria,Others
ASV2492,Others,Bacteroidota
ASV2496,Proteobacteria,Others
ASV2497,Proteobacteria,Acetobacterales
ASV2498,Proteobacteria,Acetobacterales
ASV2500,Proteobacteria,Caulobacterales
ASV2502,Proteobacteria,Others
ASV2503,Actinobacteriota,Others
ASV2505,Others,Others
ASV2509,Others,Bacteroidota
ASV2510,Acidobacteriota,Acidobacteriales
ASV2511,Proteobacteria,Others
ASV2513,Actinobacteriota,Micrococcales
ASV2514,Actinobacteriota,Solirubrobacterales
ASV2515,Actinobacteriota,Others
ASV2517,Actinobacteriota,Others
ASV2518,Verrucomicrobiota,Chthoniobacterales
ASV2519,Actinobacteriota,Others
ASV2520,Actinobacteriota,Others
ASV2521,Actinobacteriota,Pseudonocardiales
ASV2522,Actinobacteriota,Others
ASV2523,Actinobacteriota,Solirubrobacterales
ASV2524,Actinobacteriota,Others
ASV2525,Actinobacteriota,Others
ASV2526,Actinobacteriota,Pseudonocardiales
ASV2527,Proteobacteria,Others
ASV2528,Actinobacteriota,Others
ASV2529,Proteobacteria,Others
ASV2532,Acidobacteriota,Acidobacteriales
ASV2533,Actinobacteriota,Others
ASV2534,Planctomycetota,Isosphaerales
ASV2536,Proteobacteria,Acetobacterales
ASV2537,Others,Bacteroidota
ASV2538,Firmicutes,Paenibacillales
ASV2540,Acidobacteriota,Acidobacteriales
ASV2542,Firmicutes,Paenibacillales
ASV2544,Proteobacteria,Others
ASV2545,Acidobacteriota,Acidobacteriales
ASV2546,Firmicutes,Paenibacillales
ASV2547,Firmicutes,Paenibacillales
ASV2551,Planctomycetota,Isosphaerales
ASV2552,Firmicutes,Others
ASV2554,Actinobacteriota,Frankiales
ASV2555,Proteobacteria,Acetobacterales
ASV2558,Planctomycetota,Others
ASV2559,Actinobacteriota,Others
ASV2560,Acidobacteriota,Acidobacteriales
ASV2561,Proteobacteria,Acetobacterales
ASV2562,Actinobacteriota,Micrococcales
ASV2565,Planctomycetota,Others
ASV2566,Planctomycetota,Isosphaerales
ASV2567,Proteobacteria,Acetobacterales
ASV2569,Proteobacteria,Caulobacterales
ASV2570,Proteobacteria,Acetobacterales
ASV2572,Proteobacteria,Others
ASV2574,Actinobacteriota,Solirubrobacterales
ASV2575,Acidobacteriota,Acidobacteriales
ASV2576,Acidobacteriota,Acidobacteriales
ASV2577,Acidobacteriota,Acidobacteriales
ASV2578,Proteobacteria,Others
ASV2579,Actinobacteriota,Others
ASV2580,Actinobacteriota,Others
ASV2581,Acidobacteriota,Acidobacteriales
ASV2582,Actinobacteriota,Solirubrobacterales
ASV2584,Others,Bacteroidota
ASV2585,Actinobacteriota,Pseudonocardiales
ASV2586,Actinobacteriota,Others
ASV2587,Actinobacteriota,Frankiales
ASV2588,Actinobacteriota,Frankiales
ASV2593,Actinobacteriota,Micrococcales
ASV2595,Actinobacteriota,Frankiales
ASV2596,Proteobacteria,Others
ASV2597,Verrucomicrobiota,Chthoniobacterales
ASV2599,Proteobacteria,Sphingomodales
ASV2600,Actinobacteriota,Pseudonocardiales
ASV2602,Firmicutes,Others
ASV2604,Firmicutes,Paenibacillales
ASV2611,Proteobacteria,Others
ASV2612,Actinobacteriota,Pseudonocardiales
ASV2613,Proteobacteria,Acetobacterales
ASV2616,Acidobacteriota,Others
ASV2617,Proteobacteria,Others
ASV2618,Proteobacteria,Others
ASV2619,Proteobacteria,Acetobacterales
ASV2620,Proteobacteria,Caulobacterales
ASV2622,Planctomycetota,Others
ASV2625,Acidobacteriota,Acidobacteriales
ASV2626,Acidobacteriota,Acidobacteriales
ASV2627,Actinobacteriota,Others
ASV2628,Actinobacteriota,Solirubrobacterales
ASV2629,Proteobacteria,Acetobacterales
ASV2630,Acidobacteriota,Acidobacteriales
ASV2631,Planctomycetota,Isosphaerales
ASV2632,Actinobacteriota,Others
ASV2634,Proteobacteria,Acetobacterales
ASV2635,Others,Bacteroidota
ASV2636,Acidobacteriota,Acidobacteriales
ASV2639,Acidobacteriota,Acidobacteriales
ASV2640,Acidobacteriota,Acidobacteriales
ASV2641,Proteobacteria,Others
ASV2642,Firmicutes,Others
ASV2644,Actinobacteriota,Others
ASV2645,Actinobacteriota,Solirubrobacterales
ASV2647,Actinobacteriota,Others
ASV2648,Actinobacteriota,Others
ASV2650,Proteobacteria,Sphingomodales
ASV2651,Actinobacteriota,Micrococcales
ASV2652,Actinobacteriota,Solirubrobacterales
ASV2653,Actinobacteriota,Others
ASV2654,Actinobacteriota,Solirubrobacterales
ASV2655,Proteobacteria,Caulobacterales
ASV2656,Actinobacteriota,Frankiales
ASV2658,Others,Chloroflexi
ASV2659,Actinobacteriota,Others
ASV2663,Planctomycetota,Isosphaerales
ASV2664,Acidobacteriota,Acidobacteriales
ASV2665,Actinobacteriota,Pseudonocardiales
ASV2666,Planctomycetota,Others
ASV2668,Acidobacteriota,Acidobacteriales
ASV2669,Actinobacteriota,Frankiales
ASV2670,Actinobacteriota,Frankiales
ASV2671,Firmicutes,Others
ASV2672,Firmicutes,Paenibacillales
ASV2673,Firmicutes,Paenibacillales
ASV2674,Actinobacteriota,Solirubrobacterales
ASV2675,Actinobacteriota,Corynebacteriales
ASV2676,Firmicutes,Paenibacillales
ASV2677,Firmicutes,Paenibacillales
ASV2685,Planctomycetota,Isosphaerales
ASV2688,Proteobacteria,Acetobacterales
ASV2690,Proteobacteria,Caulobacterales
ASV2691,Planctomycetota,Others
ASV2692,Acidobacteriota,Acidobacteriales
ASV2694,Acidobacteriota,Acidobacteriales
ASV2695,Planctomycetota,Others
ASV2697,Proteobacteria,Acetobacterales
ASV2699,Acidobacteriota,Acidobacteriales
ASV2703,Proteobacteria,Others
ASV2705,Proteobacteria,Acetobacterales
ASV2706,Proteobacteria,Others
ASV2707,Actinobacteriota,Micrococcales
ASV2708,Actinobacteriota,Others
ASV2709,Actinobacteriota,Others
ASV2710,Actinobacteriota,Others
ASV2712,Actinobacteriota,Others
ASV2714,Actinobacteriota,Others
ASV2715,Actinobacteriota,Frankiales
ASV2716,Actinobacteriota,Others
ASV2717,Proteobacteria,Others
ASV2718,Actinobacteriota,Others
ASV2719,Actinobacteriota,Others
ASV2720,Actinobacteriota,Frankiales
ASV2721,Actinobacteriota,Solirubrobacterales
ASV2722,Actinobacteriota,Solirubrobacterales
ASV2723,Actinobacteriota,Others
ASV2724,Proteobacteria,Acetobacterales
ASV2727,Proteobacteria,Acetobacterales
ASV2728,Acidobacteriota,Acidobacteriales
ASV2729,Proteobacteria,Acetobacterales
ASV2730,Actinobacteriota,Others
ASV2731,Firmicutes,Paenibacillales
ASV2732,Others,Others
ASV2733,Planctomycetota,Isosphaerales
ASV2734,Actinobacteriota,Frankiales
ASV2737,Firmicutes,Paenibacillales
ASV2738,Actinobacteriota,Frankiales
ASV2739,Proteobacteria,Acetobacterales
ASV2744,Proteobacteria,Sphingomodales
ASV2745,Actinobacteriota,Pseudonocardiales
ASV2747,Acidobacteriota,Acidobacteriales
ASV2748,Firmicutes,Others
ASV2749,Proteobacteria,Caulobacterales
ASV2756,Proteobacteria,Acetobacterales
ASV2757,Proteobacteria,Acetobacterales
ASV2758,Proteobacteria,Sphingomodales
ASV2760,Acidobacteriota,Acidobacteriales
ASV2763,Actinobacteriota,Solirubrobacterales
ASV2764,Acidobacteriota,Acidobacteriales
ASV2765,Acidobacteriota,Acidobacteriales
ASV2766,Acidobacteriota,Acidobacteriales
ASV2769,Verrucomicrobiota,Chthoniobacterales
ASV2770,Actinobacteriota,Others
ASV2772,Verrucomicrobiota,Chthoniobacterales
ASV2773,Proteobacteria,Acetobacterales
ASV2776,Actinobacteriota,Others
ASV2777,Others,Others
ASV2778,Others,Others
ASV2779,Actinobacteriota,Others
ASV2780,Actinobacteriota,Pseudonocardiales
ASV2781,Actinobacteriota,Solirubrobacterales
ASV2782,Acidobacteriota,Acidobacteriales
ASV2783,Acidobacteriota,Acidobacteriales
ASV2785,Actinobacteriota,Others
ASV2786,Actinobacteriota,Solirubrobacterales
ASV2787,Actinobacteriota,Others
ASV2788,Actinobacteriota,Others
ASV2789,Actinobacteriota,Solirubrobacterales
ASV2790,Actinobacteriota,Others
ASV2792,Actinobacteriota,Others
ASV2793,Actinobacteriota,Others
ASV2794,Actinobacteriota,Micrococcales
ASV2795,Others,Bacteroidota
ASV2796,Others,Bacteroidota
ASV2797,Firmicutes,Paenibacillales
ASV2798,Proteobacteria,Acetobacterales
ASV2800,Firmicutes,Others
ASV2801,Firmicutes,Others
ASV2802,Actinobacteriota,Others
ASV2803,Proteobacteria,Acetobacterales
ASV2806,Actinobacteriota,Corynebacteriales
ASV2807,Firmicutes,Paenibacillales
ASV2808,Proteobacteria,Acetobacterales
ASV2813,Acidobacteriota,Acidobacteriales
ASV2814,Proteobacteria,Acetobacterales
ASV2815,Acidobacteriota,Others
ASV2816,Proteobacteria,Caulobacterales
ASV2819,Acidobacteriota,Acidobacteriales
ASV2825,Actinobacteriota,Others
ASV2827,Proteobacteria,Caulobacterales
ASV2828,Proteobacteria,Others
ASV2830,Planctomycetota,Isosphaerales
ASV2831,Proteobacteria,Acetobacterales
ASV2832,Planctomycetota,Isosphaerales
ASV2833,Proteobacteria,Acetobacterales
ASV2835,Actinobacteriota,Others
ASV2836,Proteobacteria,Acetobacterales
ASV2837,Proteobacteria,Rhizobiales
ASV2838,Acidobacteriota,Acidobacteriales
ASV2839,Proteobacteria,Acetobacterales
ASV2840,Actinobacteriota,Solirubrobacterales
ASV2843,Actinobacteriota,Micrococcales
ASV2845,Acidobacteriota,Acidobacteriales
ASV2846,Actinobacteriota,IMCC26256
ASV2848,Actinobacteriota,Solirubrobacterales
ASV2849,Acidobacteriota,Acidobacteriales
ASV2850,Proteobacteria,Others
ASV2852,Actinobacteriota,Others
ASV2853,Actinobacteriota,Solirubrobacterales
ASV2854,Actinobacteriota,Others
ASV2855,Actinobacteriota,Others
ASV2856,Actinobacteriota,Solirubrobacterales
ASV2857,Actinobacteriota,Others
ASV2858,Acidobacteriota,Acidobacteriales
ASV2859,Others,Bacteroidota
ASV2861,Actinobacteriota,Others
ASV2862,Actinobacteriota,Micrococcales
ASV2863,Acidobacteriota,Acidobacteriales
ASV2864,Others,Bacteroidota
ASV2865,Proteobacteria,Acetobacterales
ASV2866,Actinobacteriota,Solirubrobacterales
ASV2867,Acidobacteriota,Acidobacteriales
ASV2868,Acidobacteriota,Acidobacteriales
ASV2869,Actinobacteriota,Others
ASV2870,Proteobacteria,Acetobacterales
ASV2873,Acidobacteriota,Acidobacteriales
ASV2874,Acidobacteriota,Others
ASV2875,Acidobacteriota,Acidobacteriales
ASV2876,Proteobacteria,Acetobacterales
ASV2878,Firmicutes,Paenibacillales
ASV2879,Actinobacteriota,Corynebacteriales
ASV2880,Actinobacteriota,Corynebacteriales
ASV2888,Others,Bacteroidota
ASV2890,Proteobacteria,Others
ASV2892,Proteobacteria,Caulobacterales
ASV2894,Proteobacteria,Acetobacterales
ASV2895,Acidobacteriota,Acidobacteriales
ASV2896,Proteobacteria,Acetobacterales
ASV2899,Others,Others
ASV2900,Proteobacteria,Caulobacterales
ASV2901,Actinobacteriota,Others
ASV2902,Actinobacteriota,Others
ASV2903,Acidobacteriota,Acidobacteriales
ASV2906,Proteobacteria,Others
ASV2907,Proteobacteria,Acetobacterales
ASV2908,Acidobacteriota,Acidobacteriales
ASV2909,Proteobacteria,Acetobacterales
ASV2912,Proteobacteria,Others
ASV2913,Proteobacteria,Acetobacterales
ASV2914,Acidobacteriota,Acidobacteriales
ASV2915,Actinobacteriota,Micrococcales
ASV2916,Proteobacteria,Acetobacterales
ASV2919,Proteobacteria,Others
ASV2920,Proteobacteria,Others
ASV2921,Proteobacteria,Others
ASV2922,Proteobacteria,Others
ASV2924,Proteobacteria,Acetobacterales
ASV2925,Acidobacteriota,Others
ASV2927,Proteobacteria,Sphingomodales
ASV2928,Acidobacteriota,Acidobacteriales
ASV2930,Actinobacteriota,Micrococcales
ASV2931,Actinobacteriota,Others
ASV2932,Actinobacteriota,Others
ASV2933,Actinobacteriota,Solirubrobacterales
ASV2934,Actinobacteriota,Others
ASV2935,Actinobacteriota,Others
ASV2936,Actinobacteriota,Solirubrobacterales
ASV2937,Actinobacteriota,Others
ASV2938,Actinobacteriota,Solirubrobacterales
ASV2939,Proteobacteria,Sphingomodales
ASV2940,Acidobacteriota,Acidobacteriales
ASV2941,Actinobacteriota,Others
ASV2942,Actinobacteriota,Micrococcales
ASV2944,Others,Bacteroidota
ASV2945,Acidobacteriota,Acidobacteriales
ASV2946,Proteobacteria,Acetobacterales
ASV2947,Actinobacteriota,Frankiales
ASV2948,Others,Chloroflexi
ASV2949,Actinobacteriota,Solirubrobacterales
ASV2950,Proteobacteria,Caulobacterales
ASV2952,Proteobacteria,Acetobacterales
ASV2953,Proteobacteria,Acetobacterales
ASV2954,Proteobacteria,Acetobacterales
ASV2955,Actinobacteriota,Others
ASV2957,Acidobacteriota,Others
ASV2958,Firmicutes,Paenibacillales
ASV2959,Proteobacteria,Others
ASV2960,Firmicutes,Others
ASV2961,Firmicutes,Paenibacillales
ASV2965,Proteobacteria,Rhizobiales
ASV2966,Actinobacteriota,Solirubrobacterales
ASV2967,Acidobacteriota,Others
ASV2968,Actinobacteriota,Others
ASV2969,Proteobacteria,Others
ASV2970,Acidobacteriota,Acidobacteriales
ASV2972,Proteobacteria,Others
ASV2973,Actinobacteriota,Frankiales
ASV2976,Acidobacteriota,Acidobacteriales
ASV2977,Planctomycetota,Others
ASV2978,Proteobacteria,Caulobacterales
ASV2979,Planctomycetota,Others
ASV2980,Acidobacteriota,Acidobacteriales
ASV2985,Proteobacteria,Rhizobiales
ASV2987,Proteobacteria,Rhizobiales
ASV2988,Actinobacteriota,Micrococcales
ASV2989,Proteobacteria,Others
ASV2993,Proteobacteria,Acetobacterales
ASV2995,Proteobacteria,Rhizobiales
ASV2996,Others,Others
ASV2997,Acidobacteriota,Acidobacteriales
ASV2998,Others,Others
ASV3000,Proteobacteria,Others
ASV3001,Proteobacteria,Acetobacterales
ASV3002,Acidobacteriota,Acidobacteriales
ASV3003,Proteobacteria,Acetobacterales
ASV3004,Actinobacteriota,Others
ASV3005,Acidobacteriota,Acidobacteriales
ASV3007,Actinobacteriota,Others
ASV3008,Actinobacteriota,Others
ASV3009,Actinobacteriota,Others
ASV3010,Actinobacteriota,Others
ASV3011,Actinobacteriota,Others
ASV3012,Actinobacteriota,Others
ASV3013,Actinobacteriota,Solirubrobacterales
ASV3014,Acidobacteriota,Others
ASV3017,Actinobacteriota,Solirubrobacterales
ASV3018,Actinobacteriota,Solirubrobacterales
ASV3019,Actinobacteriota,Others
ASV3020,Actinobacteriota,Pseudonocardiales
ASV3021,Actinobacteriota,Micrococcales
ASV3022,Actinobacteriota,Others
ASV3023,Others,Bacteroidota
ASV3024,Actinobacteriota,Others
ASV3025,Proteobacteria,Others
ASV3026,Actinobacteriota,Micrococcales
ASV3028,Acidobacteriota,Acidobacteriales
ASV3029,Proteobacteria,Acetobacterales
ASV3030,Proteobacteria,Acetobacterales
ASV3032,Actinobacteriota,IMCC26256
ASV3033,Proteobacteria,Others
ASV3034,Actinobacteriota,IMCC26256
ASV3035,Others,Bacteroidota
ASV3037,Actinobacteriota,Frankiales
ASV3038,Proteobacteria,Sphingomodales
ASV3039,Planctomycetota,Isosphaerales
ASV3040,Proteobacteria,Rhizobiales
ASV3041,Firmicutes,Others
ASV3043,Proteobacteria,Acetobacterales
ASV3044,Actinobacteriota,Others
ASV3045,Firmicutes,Others
ASV3052,Proteobacteria,Others
ASV3054,Acidobacteriota,Acidobacteriales
ASV3057,Acidobacteriota,Acidobacteriales
ASV3061,Others,Others
ASV3062,Actinobacteriota,Solirubrobacterales
ASV3063,Actinobacteriota,Others
ASV3064,Acidobacteriota,Acidobacteriales
ASV3065,Proteobacteria,Acetobacterales
ASV3066,Actinobacteriota,Frankiales
ASV3067,Planctomycetota,Others
ASV3068,Firmicutes,Others
ASV3069,Planctomycetota,Isosphaerales
ASV3070,Proteobacteria,Acetobacterales
ASV3071,Proteobacteria,Others
ASV3072,Actinobacteriota,Others
ASV3076,Actinobacteriota,Others
ASV3077,Actinobacteriota,Solirubrobacterales
ASV3078,Actinobacteriota,Solirubrobacterales
ASV3079,Actinobacteriota,Others
ASV3080,Actinobacteriota,Others
ASV3081,Actinobacteriota,Others
ASV3082,Actinobacteriota,Others
ASV3083,Actinobacteriota,Micrococcales
ASV3085,Actinobacteriota,Others
ASV3088,Actinobacteriota,Solirubrobacterales
ASV3089,Actinobacteriota,Others
ASV3090,Actinobacteriota,Solirubrobacterales
ASV3091,Actinobacteriota,Solirubrobacterales
ASV3092,Actinobacteriota,Others
ASV3093,Others,Bacteroidota
ASV3094,Actinobacteriota,Others
ASV3095,Actinobacteriota,Corynebacteriales
ASV3097,Actinobacteriota,Corynebacteriales
ASV3098,Actinobacteriota,Solirubrobacterales
ASV3099,Acidobacteriota,Acidobacteriales
ASV3100,Actinobacteriota,Others
ASV3101,Planctomycetota,Isosphaerales
ASV3102,Proteobacteria,Caulobacterales
ASV3103,Others,Chloroflexi
ASV3107,Acidobacteriota,Acidobacteriales
ASV3108,Acidobacteriota,Acidobacteriales
ASV3112,Planctomycetota,Isosphaerales
ASV3113,Proteobacteria,Rhizobiales
ASV3114,Firmicutes,Paenibacillales
ASV3130,Acidobacteriota,Acidobacteriales
ASV3131,Proteobacteria,Sphingomodales
ASV3132,Proteobacteria,Rhizobiales
ASV3133,Acidobacteriota,Acidobacteriales
ASV3134,Proteobacteria,Others
ASV3136,Proteobacteria,Caulobacterales
ASV3137,Others,Bacteroidota
ASV3139,Acidobacteriota,Acidobacteriales
ASV3140,Actinobacteriota,Solirubrobacterales
ASV3141,Acidobacteriota,Acidobacteriales
ASV3142,Acidobacteriota,Acidobacteriales
ASV3143,Acidobacteriota,Others
ASV3144,Actinobacteriota,Others
ASV3145,Planctomycetota,Others
ASV3146,Proteobacteria,Others
ASV3147,Actinobacteriota,Solirubrobacterales
ASV3148,Planctomycetota,Others
ASV3149,Actinobacteriota,Corynebacteriales
ASV3150,Actinobacteriota,Others
ASV3151,Others,Others
ASV3155,Acidobacteriota,Acidobacteriales
ASV3156,Firmicutes,Others
ASV3157,Actinobacteriota,Micrococcales
ASV3159,Acidobacteriota,Others
ASV3162,Acidobacteriota,Acidobacteriales
ASV3164,Proteobacteria,Rhizobiales
ASV3165,Actinobacteriota,Micrococcales
ASV3166,Actinobacteriota,Pseudonocardiales
ASV3167,Actinobacteriota,Others
ASV3168,Actinobacteriota,Others
ASV3169,Actinobacteriota,Others
ASV3171,Actinobacteriota,Solirubrobacterales
ASV3172,Acidobacteriota,Acidobacteriales
ASV3173,Acidobacteriota,Acidobacteriales
ASV3174,Proteobacteria,Acetobacterales
ASV3175,Actinobacteriota,Others
ASV3176,Actinobacteriota,Others
ASV3177,Actinobacteriota,Others
ASV3178,Actinobacteriota,Solirubrobacterales
ASV3179,Actinobacteriota,Pseudonocardiales
ASV3180,Actinobacteriota,Solirubrobacterales
ASV3181,Actinobacteriota,Others
ASV3184,Actinobacteriota,Others
ASV3186,Acidobacteriota,Acidobacteriales
ASV3187,Actinobacteriota,Corynebacteriales
ASV3188,Proteobacteria,Acetobacterales
ASV3189,Actinobacteriota,Others
ASV3190,Planctomycetota,Isosphaerales
ASV3191,Proteobacteria,Rhizobiales
ASV3192,Actinobacteriota,Others
ASV3193,Actinobacteriota,Solirubrobacterales
ASV3194,Acidobacteriota,Acidobacteriales
ASV3195,Acidobacteriota,Acidobacteriales
ASV3196,Acidobacteriota,Acidobacteriales
ASV3197,Planctomycetota,Others
ASV3198,Acidobacteriota,Acidobacteriales
ASV3199,Firmicutes,Paenibacillales
ASV3200,Proteobacteria,Acetobacterales
ASV3201,Proteobacteria,Others
ASV3202,Firmicutes,Paenibacillales
ASV3209,Acidobacteriota,Acidobacteriales
ASV3210,Planctomycetota,Others
ASV3211,Actinobacteriota,Others
ASV3214,Acidobacteriota,Others
ASV3215,Acidobacteriota,Others
ASV3219,Acidobacteriota,Others
ASV3221,Planctomycetota,Isosphaerales
ASV3222,Acidobacteriota,Others
ASV3224,Actinobacteriota,Frankiales
ASV3225,Proteobacteria,Acetobacterales
ASV3227,Planctomycetota,Isosphaerales
ASV3228,Proteobacteria,Others
ASV3230,Actinobacteriota,Frankiales
ASV3231,Actinobacteriota,Micrococcales
ASV3232,Proteobacteria,Caulobacterales
ASV3233,Actinobacteriota,Others
ASV3234,Acidobacteriota,Acidobacteriales
ASV3235,Planctomycetota,Isosphaerales
ASV3236,Proteobacteria,Acetobacterales
ASV3237,Proteobacteria,Acetobacterales
ASV3238,Proteobacteria,Others
ASV3239,Acidobacteriota,Acidobacteriales
ASV3241,Proteobacteria,Acetobacterales
ASV3242,Proteobacteria,Others
ASV3243,Planctomycetota,Isosphaerales
ASV3244,Proteobacteria,Others
ASV3245,Proteobacteria,Acetobacterales
ASV3246,Proteobacteria,Acetobacterales
ASV3248,Proteobacteria,Others
ASV3249,Proteobacteria,Others
ASV3253,Actinobacteriota,Others
ASV3254,Actinobacteriota,Others
ASV3255,Actinobacteriota,Others
ASV3256,Actinobacteriota,Frankiales
ASV3257,Actinobacteriota,Pseudonocardiales
ASV3259,Actinobacteriota,Solirubrobacterales
ASV3260,Acidobacteriota,Others
ASV3261,Acidobacteriota,Acidobacteriales
ASV3263,Actinobacteriota,Others
ASV3264,Actinobacteriota,Others
ASV3265,Actinobacteriota,Solirubrobacterales
ASV3266,Actinobacteriota,Others
ASV3267,Actinobacteriota,Solirubrobacterales
ASV3268,Actinobacteriota,Others
ASV3270,Proteobacteria,Sphingomodales
ASV3271,Actinobacteriota,Micrococcales
ASV3272,Proteobacteria,Acetobacterales
ASV3274,Acidobacteriota,Acidobacteriales
ASV3276,Proteobacteria,Others
ASV3279,Actinobacteriota,Others
ASV3281,Actinobacteriota,Pseudonocardiales
ASV3284,Acidobacteriota,Acidobacteriales
ASV3285,Acidobacteriota,Acidobacteriales
ASV3288,Actinobacteriota,Others
ASV3289,Proteobacteria,Sphingomodales
ASV3290,Proteobacteria,Others
ASV3291,Actinobacteriota,Micrococcales
ASV3292,Firmicutes,Paenibacillales
ASV3293,Firmicutes,Paenibacillales
ASV3294,Firmicutes,Paenibacillales
ASV3295,Firmicutes,Paenibacillales
ASV3296,Actinobacteriota,Pseudonocardiales
ASV3297,Firmicutes,Others
ASV3309,Proteobacteria,Others
ASV3310,Actinobacteriota,Pseudonocardiales
ASV3311,Proteobacteria,Acetobacterales
ASV3313,Acidobacteriota,Acidobacteriales
ASV3315,Proteobacteria,Acetobacterales
ASV3316,Proteobacteria,Others
ASV3317,Acidobacteriota,Others
ASV3318,Acidobacteriota,Others
ASV3319,Planctomycetota,Isosphaerales
ASV3320,Actinobacteriota,Others
ASV3321,Proteobacteria,Acetobacterales
ASV3323,Others,Others
ASV3324,Acidobacteriota,Acidobacteriales
ASV3325,Actinobacteriota,Pseudonocardiales
ASV3328,Proteobacteria,Others
ASV3329,Actinobacteriota,Corynebacteriales
ASV3330,Planctomycetota,Others
ASV3331,Proteobacteria,Others
ASV3332,Actinobacteriota,Others
ASV3334,Planctomycetota,Isosphaerales
ASV3335,Proteobacteria,Rhizobiales
ASV3337,Actinobacteriota,Others
ASV3339,Acidobacteriota,Acidobacteriales
ASV3340,Proteobacteria,Rhizobiales
ASV3341,Others,Others
ASV3342,Proteobacteria,Acetobacterales
ASV3343,Proteobacteria,Others
ASV3346,Proteobacteria,Others
ASV3347,Others,Others
ASV3351,Acidobacteriota,Acidobacteriales
ASV3352,Proteobacteria,Sphingomodales
ASV3353,Proteobacteria,Others
ASV3356,Actinobacteriota,Others
ASV3357,Actinobacteriota,Others
ASV3358,Actinobacteriota,Others
ASV3359,Actinobacteriota,Others
ASV3360,Actinobacteriota,Solirubrobacterales
ASV3361,Actinobacteriota,Others
ASV3362,Acidobacteriota,Acidobacteriales
ASV3363,Actinobacteriota,Pseudonocardiales
ASV3364,Actinobacteriota,Others
ASV3365,Actinobacteriota,Solirubrobacterales
ASV3366,Actinobacteriota,Others
ASV3367,Others,Bacteroidota
ASV3368,Actinobacteriota,Others
ASV3369,Proteobacteria,Others
ASV3370,Actinobacteriota,Frankiales
ASV3371,Actinobacteriota,Micrococcales
ASV3372,Others,Bacteroidota
ASV3373,Actinobacteriota,Solirubrobacterales
ASV3375,Actinobacteriota,Corynebacteriales
ASV3376,Proteobacteria,Acetobacterales
ASV3377,Actinobacteriota,Others
ASV3379,Planctomycetota,Isosphaerales
ASV3381,Actinobacteriota,Micrococcales
ASV3382,Acidobacteriota,Acidobacteriales
ASV3387,Proteobacteria,Others
ASV3388,Proteobacteria,Rhizobiales
ASV3389,Acidobacteriota,Acidobacteriales
ASV3390,Proteobacteria,Rhizobiales
ASV3392,Proteobacteria,Others
ASV3393,Proteobacteria,Caulobacterales
ASV3395,Acidobacteriota,Acidobacteriales
ASV3397,Actinobacteriota,Others
ASV3402,Firmicutes,Others
ASV3403,Firmicutes,Paenibacillales
ASV3404,Proteobacteria,Rhizobiales
ASV3405,Firmicutes,Others
ASV3406,Firmicutes,Paenibacillales
ASV3415,Proteobacteria,Others
ASV3416,Proteobacteria,Acetobacterales
ASV3417,Proteobacteria,Acetobacterales
ASV3418,Actinobacteriota,Others
ASV3420,Actinobacteriota,Others
ASV3421,Proteobacteria,Acetobacterales
ASV3422,Acidobacteriota,Acidobacteriales
ASV3424,Proteobacteria,Caulobacterales
ASV3425,Actinobacteriota,Solirubrobacterales
ASV3427,Planctomycetota,Others
ASV3429,Proteobacteria,Others
ASV3432,Proteobacteria,Others
ASV3433,Acidobacteriota,Acidobacteriales
ASV3434,Actinobacteriota,Corynebacteriales
ASV3435,Acidobacteriota,Acidobacteriales
ASV3436,Actinobacteriota,Others
ASV3437,Others,Bacteroidota
ASV3438,Acidobacteriota,Acidobacteriales
ASV3440,Acidobacteriota,Acidobacteriales
ASV3441,Planctomycetota,Isosphaerales
ASV3442,Proteobacteria,Rhizobiales
ASV3443,Planctomycetota,Isosphaerales
ASV3444,Planctomycetota,Isosphaerales
ASV3445,Proteobacteria,Others
ASV3450,Actinobacteriota,Pseudonocardiales
ASV3453,Proteobacteria,Acetobacterales
ASV3454,Actinobacteriota,Solirubrobacterales
ASV3455,Acidobacteriota,Acidobacteriales
ASV3457,Actinobacteriota,Solirubrobacterales
ASV3458,Actinobacteriota,Micrococcales
ASV3459,Proteobacteria,Acetobacterales
ASV3460,Acidobacteriota,Acidobacteriales
ASV3461,Proteobacteria,Others
ASV3462,Acidobacteriota,Acidobacteriales
ASV3464,Acidobacteriota,Acidobacteriales
ASV3466,Proteobacteria,Others
ASV3467,Acidobacteriota,Acidobacteriales
ASV3468,Actinobacteriota,Others
ASV3469,Proteobacteria,Acetobacterales
ASV3470,Acidobacteriota,Acidobacteriales
ASV3471,Acidobacteriota,Acidobacteriales
ASV3472,Actinobacteriota,Micrococcales
ASV3473,Actinobacteriota,Others
ASV3474,Acidobacteriota,Acidobacteriales
ASV3475,Actinobacteriota,Micrococcales
ASV3477,Acidobacteriota,Acidobacteriales
ASV3478,Actinobacteriota,Micrococcales
ASV3479,Others,Others
ASV3482,Actinobacteriota,Pseudonocardiales
ASV3483,Actinobacteriota,Others
ASV3484,Actinobacteriota,Others
ASV3485,Actinobacteriota,Others
ASV3486,Actinobacteriota,Solirubrobacterales
ASV3487,Actinobacteriota,Solirubrobacterales
ASV3488,Proteobacteria,Acetobacterales
ASV3489,Actinobacteriota,Others
ASV3490,Acidobacteriota,Others
ASV3492,Actinobacteriota,Solirubrobacterales
ASV3493,Actinobacteriota,Solirubrobacterales
ASV3494,Actinobacteriota,Solirubrobacterales
ASV3495,Actinobacteriota,Pseudonocardiales
ASV3496,Actinobacteriota,Others
ASV3497,Others,Bacteroidota
ASV3498,Proteobacteria,Others
ASV3499,Proteobacteria,Rhizobiales
ASV3500,Proteobacteria,Others
ASV3502,Actinobacteriota,Solirubrobacterales
ASV3503,Actinobacteriota,IMCC26256
ASV3504,Proteobacteria,Acetobacterales
ASV3505,Acidobacteriota,Acidobacteriales
ASV3506,Planctomycetota,Isosphaerales
ASV3507,Actinobacteriota,Corynebacteriales
ASV3508,Proteobacteria,Others
ASV3509,Others,Others
ASV3510,Others,Others
ASV3513,Proteobacteria,Rhizobiales
ASV3514,Firmicutes,Paenibacillales
ASV3515,Proteobacteria,Acetobacterales
ASV3516,Actinobacteriota,Others
ASV3517,Firmicutes,Paenibacillales
ASV3518,Proteobacteria,Acetobacterales
ASV3519,Actinobacteriota,Frankiales
ASV3528,Actinobacteriota,Solirubrobacterales
ASV3529,Acidobacteriota,Others
ASV3530,Proteobacteria,Others
ASV3531,Others,Others
ASV3533,Actinobacteriota,Micrococcales
ASV3536,Actinobacteriota,Frankiales
ASV3538,Actinobacteriota,Solirubrobacterales
ASV3539,Acidobacteriota,Acidobacteriales
ASV3540,Proteobacteria,Caulobacterales
ASV3542,Planctomycetota,Others
ASV3543,Proteobacteria,Others
ASV3544,Acidobacteriota,Acidobacteriales
ASV3545,Proteobacteria,Others
ASV3546,Acidobacteriota,Acidobacteriales
ASV3550,Others,Bacteroidota
ASV3552,Proteobacteria,Acetobacterales
ASV3553,Proteobacteria,Rhizobiales
ASV3554,Proteobacteria,Others
ASV3556,Others,Bacteroidota
ASV3558,Firmicutes,Others
ASV3559,Proteobacteria,Sphingomodales
ASV3561,Proteobacteria,Acetobacterales
ASV3562,Proteobacteria,Acetobacterales
ASV3565,Actinobacteriota,Others
ASV3566,Actinobacteriota,Others
ASV3567,Actinobacteriota,Others
ASV3568,Actinobacteriota,Others
ASV3569,Actinobacteriota,Others
ASV3570,Actinobacteriota,Others
ASV3571,Actinobacteriota,Others
ASV3572,Actinobacteriota,Frankiales
ASV3574,Actinobacteriota,Solirubrobacterales
ASV3575,Actinobacteriota,Solirubrobacterales
ASV3577,Acidobacteriota,Acidobacteriales
ASV3578,Actinobacteriota,Others
ASV3580,Actinobacteriota,Frankiales
ASV3581,Actinobacteriota,Micrococcales
ASV3582,Actinobacteriota,Others
ASV3583,Actinobacteriota,Others
ASV3584,Actinobacteriota,Others
ASV3585,Actinobacteriota,Others
ASV3586,Actinobacteriota,Solirubrobacterales
ASV3587,Proteobacteria,Others
ASV3588,Actinobacteriota,Others
ASV3589,Actinobacteriota,Pseudonocardiales
ASV3590,Actinobacteriota,Others
ASV3591,Actinobacteriota,Others
ASV3592,Proteobacteria,Sphingomodales
ASV3594,Proteobacteria,Others
ASV3595,Actinobacteriota,Others
ASV3596,Others,Others
ASV3597,Actinobacteriota,Others
ASV3598,Actinobacteriota,Others
ASV3599,Others,Bacteroidota
ASV3600,Proteobacteria,Acetobacterales
ASV3601,Proteobacteria,Acetobacterales
ASV3602,Proteobacteria,Acetobacterales
ASV3603,Actinobacteriota,Pseudonocardiales
ASV3604,Actinobacteriota,Solirubrobacterales
ASV3606,Planctomycetota,Others
ASV3607,Actinobacteriota,Solirubrobacterales
ASV3610,Actinobacteriota,Pseudonocardiales
ASV3611,Others,Chloroflexi
ASV3612,Proteobacteria,Rhizobiales
ASV3615,Acidobacteriota,Acidobacteriales
ASV3616,Actinobacteriota,Solirubrobacterales
ASV3617,Planctomycetota,Isosphaerales
ASV3618,Actinobacteriota,Others
ASV3619,Proteobacteria,Others
ASV3620,Planctomycetota,Isosphaerales
ASV3623,Actinobacteriota,Solirubrobacterales
ASV3624,Firmicutes,Others
ASV3626,Firmicutes,Paenibacillales
ASV3627,Firmicutes,Others
ASV3629,Proteobacteria,Others
ASV3630,Firmicutes,Paenibacillales
